,FT中文网_英国《金融时报》(Financial Times),博览,国际热点,来福岛爆笑娱乐网,爱范儿爱范儿,资讯频道_凤凰网,韩寒
一,9.0,1.0,1.0,7.0,2.0,,
一下,1.0,,,,,,
一个,30.0,3.0,,12.0,2.0,2.0,4.0
一个多月,1.0,,,,,,
一举一动,1.0,,,,,,
一二,1.0,,,,,,
一些,6.0,,1.0,,2.0,1.0,4.0
一任,1.0,,,,,,
一份,2.0,,1.0,,,,
一众,1.0,,,,,,
一位,3.0,,1.0,,,1.0,
一体化,,,1.0,,,,
一分钟,1.0,,,,,,
一切,2.0,,,,,,
一则,1.0,,,,,,
一千,,,,1.0,,,
一口气,,,,1.0,,,
一只,,1.0,,,,,
一名,11.0,4.0,3.0,,,,
一听,,,,1.0,,,
一员,1.0,,,,,,
一周,1.0,,,,,,
一国两制,,,,,,3.0,
一场,7.0,,,,,,
一块,,,,,1.0,1.0,
一外,,,,1.0,,,
一天,2.0,,,1.0,,,
一季度,1.0,,,,,,
一定,2.0,1.0,,5.0,,,
一家,7.0,,1.0,,,,
一对,,1.0,,,,,
一小撮,,,1.0,,,,
一届,1.0,,,,,,
一年,1.0,,,,,,1.0
一座,,1.0,,,,,1.0
一战,1.0,,,,,,
一批,2.0,,,,,,
一抖,,,,2.0,,,
一日,1.0,,,1.0,,,
一旦,1.0,,,,,,
一时,1.0,,,,,,
一条,1.0,,,,,,
一枚,,,,,,1.0,
一架,1.0,,,,,,
一样,1.0,,,,1.0,,
一案,1.0,,,,,,
一模一样,,,,3.0,,,
一次,7.0,,,,1.0,,1.0
一款,1.0,,,,,,
一步,,,,1.0,1.0,,
一步步,,,,,,1.0,
一点,3.0,,,,1.0,,
一点儿,,,,,,1.0,
一片,2.0,,,1.0,,,
一男,,,,1.0,,,
一番,,,,,1.0,,
一直,5.0,,,,,,1.0
一看,,,,7.0,,,
一瞬间,1.0,,,,,,
一碗,,,,3.0,,,
一种,5.0,,,,,2.0,
一篇,1.0,,,,,,1.0
一系列,1.0,,1.0,,,,
一组,,,,,,1.0,
一经,1.0,,,,,,
一群,5.0,,,,,,
一股,1.0,,,,,,
一脚,,,,,,1.0,
一致,,,,,1.0,,
一角,,1.0,,,,,
一言,1.0,,,,,,
一贯,1.0,,,,,,
一起,2.0,,,,,1.0,
一转眼,,,,1.0,,,
一轮,1.0,,,,1.0,,
一辆,1.0,,,,,,
一道,1.0,,,1.0,,1.0,
一部,1.0,,,,,,1.0
一部分,3.0,,,,,,
一长串,1.0,,,,,,
一间,,,2.0,,,,
一项,3.0,1.0,,,,1.0,
丁香,,,,,1.0,,
七个,,,,,,,1.0
七年,,,,,,,1.0
万,5.0,2.0,,,,,
万丽,1.0,,,,,,
万余名,,,,,,1.0,
万元,,1.0,,,,,
万千,,,,,,1.0,
万座,,1.0,,,,,
万户,1.0,,,,,,
万物,1.0,,,,,,
万科,9.0,,,,,,
万美元,1.0,1.0,,,,,
万股,1.0,,,,,,
万英,1.0,,,,,,
万英镑,1.0,,,,,,
万达,3.0,,,,,,
三个,1.0,1.0,,,,,
三代,1.0,,,,,,
三分之二,2.0,,,,,,
三十,,,,2.0,,,
三十年,1.0,,,,,,
三口,,,,1.0,,,
三只,,,,3.0,,,
三周,1.0,,,,,,
三年,1.0,,,,,,
三星,1.0,,,,,,
三星电子,2.0,,,,,,
三次,,,1.0,1.0,,,
上,40.0,2.0,4.0,15.0,3.0,8.0,
上个月,3.0,,,,,,
上以,1.0,,,,,,
上升,1.0,,,,,,
上午,1.0,,,,1.0,,
上半年,,,1.0,,,,
上周,4.0,,,,1.0,,
上周五,2.0,,,,,,
上周四,,1.0,,,,,
上周日,1.0,,,,,,
上天,,,,,3.0,,
上学,,1.0,,,,,
上层建筑,,,,,,1.0,
上市,6.0,,,,,,
上市公司,1.0,,,,,,
上帝,,,,3.0,,,
上映,,,,,,,1.0
上海,6.0,,,,,,
上涨,4.0,,,,,,
上班,,,,4.0,,,
上瘾,,1.0,,,,,
上空,1.0,,,,,,
上课,,,,3.0,,,
上述,2.0,,,,,,
上限,1.0,,,,,,
下,8.0,,,1.0,2.0,,
下一代,,,,,1.0,,
下令,,,3.0,,,,
下午,3.0,,1.0,,,,
下场,,,,,,1.0,
下棋,,,,1.0,,,
下榻,,,1.0,,,,
下滑,1.0,,,,,,
下班,,,,1.0,,,
下跌,2.0,,,,,,
下载,,,,20.0,,,
下降,3.0,,,,,,
下面,1.0,,,,,,
不,24.0,3.0,5.0,37.0,5.0,5.0,2.0
不久前,4.0,,,,,,
不仅,2.0,,,,,,
不仅如此,,,,,,1.0,
不会,4.0,,,1.0,,,
不停,,,,1.0,,,
不再,3.0,,,,,,
不利,3.0,,,,,,
不到,,,,,,,1.0
不单是,1.0,,,,,,
不及,,2.0,,,,,
不合规定,,1.0,,,,,
不同,5.0,,,,,,
不太好,1.0,,,,,,
不太熟悉,1.0,,,,,,
不好惹,,,,3.0,,,
不好意思,,,,2.0,,,
不如,1.0,,,,,,
不妨,1.0,,,,,,
不少,,,,,,,3.0
不差,,,,2.0,,,
不应,1.0,,,,,,
不当,1.0,,,,,,
不得,,,1.0,,,,
不得不,1.0,,,,,,
不怎么,,,,3.0,,,
不惜,,1.0,,,,,
不想,,,,3.0,1.0,,
不感兴趣,1.0,1.0,,,,,
不断,1.0,,1.0,,,2.0,
不明,,,,,1.0,,
不易,1.0,,,,,,
不是,3.0,,,,4.0,1.0,
不服,,,,3.0,,,
不止,1.0,,,,1.0,,
不用,2.0,,,,,,1.0
不知,1.0,,,,,1.0,
不确定性,1.0,,,,,,
不能,2.0,,3.0,4.0,,2.0,
不行,,,,4.0,,,
不要,2.0,,,1.0,,1.0,
不让,,,,1.0,,,
不负责任,1.0,,,,,,
不过,5.0,,,,2.0,,
不远,1.0,,,,,,
不远处,1.0,,,,,,
不造,,,,3.0,,,
不错,,,,3.0,,,
不靠,1.0,,,,,,
不高,1.0,,,,,,
与,36.0,2.0,12.0,,,4.0,2.0
与其,2.0,1.0,,,,,
与时俱进,2.0,,,,,,
与此同时,3.0,,,,,,
丑闻,2.0,,,,,,
专家,2.0,,4.0,,,,
专栏,5.0,,,,,,
专注,1.0,,,,,,
专电,,,2.0,,,,
专访,,,3.0,,,,
专题,1.0,,,,,,
世界,8.0,2.0,3.0,,2.0,1.0,
世界各地,1.0,,,,,,
世界贸易组织,2.0,,,,,,
世界银行,1.0,,,,,,
世纪,3.0,1.0,,,,1.0,
世行,1.0,,,,,,
业务,2.0,,,,,,
业绩,2.0,,,,,,
东,,,,,1.0,,1.0
东京,2.0,1.0,,,,,
东京都,,1.0,,,,,
东南亚,2.0,,,,,,
东南部,1.0,,2.0,,,,
东征,1.0,,,,,,
东盟,2.0,,,,,,
东盟国家,1.0,,,,,,
东莞,,,,1.0,,,
东西,2.0,,,1.0,,,
东部,,,1.0,,,2.0,
丢掉,2.0,,,,,,
两三个,1.0,,,,,,
两三千,1.0,,,,,,
两个,3.0,,,2.0,1.0,,
两人,,,,1.0,,,
两位,1.0,,,,1.0,,
两元,,,,1.0,,,
两只,,,,3.0,,,
两名,5.0,1.0,,,,,
两国,,,1.0,,,,
两国关系,,,,,,1.0,
两国政府,1.0,,,,,,
两天,1.0,,,1.0,,,
两家,2.0,,,,,,
两年,1.0,,,,,,
两成,,1.0,,,,,
两所,,1.0,,,,,
两排,,,,3.0,,,
两极化,1.0,,,,,,
两次,1.0,,,,,,
两款,1.0,,,,,,
两步,,,,1.0,,,
两群,1.0,,,,,,
两起,,,2.0,,,,
严正,1.0,,,,,,
严重,2.0,1.0,1.0,,,,
严重后果,1.0,,,,,,
丧生,1.0,,2.0,,,,
丧葬,,1.0,,,,,
个,11.0,1.0,3.0,3.0,,1.0,
个人,1.0,,,,,,
个人信息,,,,,1.0,,
个人化,1.0,,,,,,
个性,,,,,1.0,,
个案,1.0,,,,,,
中,30.0,1.0,4.0,,2.0,3.0,1.0
中东,,,3.0,,,,
中东地区,,,2.0,,,,
中以,1.0,,,,,,
中共北京市委,1.0,,,,,,
中化,1.0,,,,,,
中午,,,,2.0,,,
中华,,,1.0,,,,
中华人民共和国,2.0,,,,,,
中哥,,,4.0,,,,
中国,133.0,,27.0,5.0,,6.0,1.0
中国共产党,1.0,,,,,,
中国外交部,1.0,,,,,,
中国政府,3.0,,1.0,,,,
中国科协,,,,,,1.0,
中国籍,1.0,,,,,,
中国联通,,,,,,1.0,
中型,1.0,,,,,,
中外,,,3.0,,,,
中央政府,,,,,,1.0,
中央社,,,2.0,,,,
中奖,,,,3.0,,,
中学生,,2.0,,,,,
中年夫妇,,1.0,,,,,
中度,1.0,,,,,,
中心,3.0,,3.0,,1.0,,
中文网,17.0,,,,,,
中新社,,,1.0,,,,
中新网,,,2.0,,,,
中方,,,9.0,,,,
中旬,,,,,,,1.0
中止,,,,,,1.0,
中海油,1.0,,,,,,
中称,1.0,,,,,,
中窥得,1.0,,,,,,
中融,2.0,,,,,,
丰,1.0,,,,,,
丰功伟绩,,,,,,1.0,
丰尼娅,2.0,,,,,,
临床,,,,,1.0,,
临时,,,1.0,,,,
临门一脚,,,,,1.0,,
丹诺为,1.0,,,,,,
丹麦,1.0,,,,,,
为,36.0,4.0,2.0,1.0,1.0,1.0,
为了,1.0,1.0,,2.0,,,
为什么,2.0,,,,,,
为何,2.0,,,,,,
为数不多,1.0,,,,,1.0,
为时尚早,1.0,,,,,,
为期,1.0,,,,,,
为的是,,,,1.0,,,
为防,,1.0,,,,,
主义,1.0,,,,,,
主人,,,,3.0,,,
主使,,,1.0,,,,
主导,1.0,,,,,,
主席,2.0,,,,,,
主张,9.0,,,,,,
主意,,,,1.0,,,
主权,9.0,,,,,,
主要,4.0,,1.0,,,1.0,
主题,,,1.0,,,,
举,2.0,,,,,,
举办,4.0,,,,,1.0,
举措,2.0,,,,,1.0,
举止,1.0,,,,,,
举行,2.0,,3.0,,,,
举行会谈,,,2.0,,,,
举足轻重,,,,,1.0,,
乃,,,,,,1.0,
久攻不下,,,,1.0,,,
久经,1.0,,,,,,
么,,,,4.0,,,
之,7.0,2.0,,,,,
之一,11.0,,,,,,
之上,1.0,,,,,,
之下,1.0,,,,,1.0,
之中,1.0,,,,,,
之义,1.0,,,,,,
之争,1.0,,,,,,
之二,1.0,,,,,,
之初,,,,,,1.0,
之前,8.0,,,,,1.0,
之后,14.0,1.0,,,1.0,,
之声,,,3.0,,,,
之大,1.0,,,,,,
之广,1.0,,,,,,
之间,3.0,,,,,,
之际,6.0,,,,,,
乌,,,,,,3.0,
乌克兰,,,,,,3.0,
乌龟,,,,3.0,,,
乐施,,,1.0,,,,
乔,1.0,,,,,,
乔治,5.0,,,,,,
乘务,1.0,,,,,,
乘客,1.0,,,,,,
九段,2.0,,,,,,
乞丐,,,,2.0,,,
也,21.0,2.0,1.0,2.0,4.0,1.0,1.0
也许,,,,,,,1.0
也门,,,2.0,,,,
习惯,,1.0,,,,,
习惯性,,,,,,1.0,
习语,1.0,,,,,,
习近平,2.0,,,,,1.0,
书包,,2.0,,,,,
书籍,,1.0,,,,,
书面,1.0,,,,,,
买,,,,6.0,,,
买下,2.0,,,,,,
买不起,,,,3.0,,,
买个,,,,1.0,,,
买主,1.0,,,,,,
买家,5.0,,,,,,
买断,2.0,,,,,,
了,106.0,2.0,8.0,86.0,9.0,17.0,12.0
了解,2.0,,1.0,3.0,2.0,,
予以,,,1.0,,,,
争相,1.0,,,,,,
争端,4.0,,,,,,
争议,4.0,,,,,,
争议性,1.0,,,,,,
事,,1.0,,1.0,2.0,,
事件,17.0,,11.0,,,3.0,
事儿,,,,1.0,,,
事先,1.0,,,,,,
事务,,,2.0,,,,
事发,2.0,,2.0,,,,
事情,1.0,,,,,,
事物,2.0,,,,,,
二,,,1.0,1.0,,,
二代,,,,3.0,,,
二十,,,,2.0,,,
二季度,1.0,,,,,,
二战,2.0,,,,,,
于,13.0,,,,1.0,,
于是,,,,3.0,,,1.0
于高端,1.0,,,,,,
云南省,,,,,,1.0,
互信,,,1.0,,,,
互惠互利,1.0,,,,,,
互戴,1.0,,,,,,
互联网,4.0,,,,1.0,,
五,1.0,,,,,,
五位,1.0,,,,,,
五体投地,,,,1.0,,,
五分之一,1.0,,,,,,
五千,,,,1.0,,,
五名,1.0,,,,,,
五大,1.0,,,,,,
五年,,,,,,,1.0
五彩,1.0,,,,,,
五毛,,,,1.0,,,
五环,,,,3.0,,,
亚,1.0,,,,,,
亚洲,5.0,1.0,,,,,
亚马逊,,,,,1.0,,
些,,,,,,1.0,
亟待,,,2.0,,,,
交代,,,,1.0,,,
交往,,2.0,1.0,,,,
交换意见,,,1.0,,,,
交接,1.0,,,,,,
交易,5.0,,,,1.0,,
交易成本,,,,,,1.0,
交易所,1.0,,,,,,
交火,1.0,,2.0,,,,
交货,1.0,,,,,,
交通,,1.0,,9.0,,,
交通法规,,1.0,,,,,
产业,,,,,,1.0,
产品,2.0,,,,1.0,,1.0
产生,1.0,1.0,,,,,
产能,2.0,,,,,,
产量,3.0,,,,,,
亮点,2.0,,1.0,,,,
亮相,1.0,,1.0,,,,
亲朋好友,1.0,,,,,,
亲自,1.0,,,,,,
人,23.0,4.0,9.0,10.0,4.0,2.0,2.0
人为,,1.0,,,,,
人亡,,,1.0,,,,
人们,5.0,,,,,2.0,
人份,,2.0,,,,,
人力资本,1.0,,,,,,
人力资源,1.0,,,,,,
人去,,,,1.0,,,
人口,1.0,,,1.0,,,
人同,1.0,,,,,,
人员,3.0,,,,,,
人员伤亡,,,2.0,,,,
人士,7.0,,2.0,,,,
人处,,,,,1.0,,
人大,2.0,,,,,,
人家,,,,3.0,,,
人数,1.0,,2.0,,,,
人文,,,1.0,,,,
人权,1.0,,,,,,
人民币,1.0,1.0,1.0,1.0,,,
人物,1.0,,,,,,
人类,2.0,,,,,,
人群,3.0,,,,,,
人连,,,,1.0,,,
亿,,,,2.0,,,
亿元,1.0,,,,,,
亿美元,4.0,,,,,,
亿英镑,3.0,,,,2.0,,
什么,5.0,,,13.0,2.0,,
仅,1.0,1.0,,,,,
仅数,1.0,,,,,,
今天,1.0,,1.0,4.0,,,
今天下午,,,,,,1.0,
今年,11.0,,1.0,1.0,,,
今年夏天,1.0,,,,,,
今年底,1.0,,,,,,
今春,1.0,,,,,,
介绍,2.0,,1.0,20.0,,,
仍,3.0,1.0,2.0,,,,
仍然,1.0,,,,,,
从,26.0,1.0,,,1.0,6.0,
从不,1.0,,,,,,
从中,1.0,,,,,,
从卡梅伦,1.0,,,,,,
从来,2.0,,,,,,
从来不,,,,1.0,,,
从而,1.0,,,,,,
仓位,1.0,,,,,,
仓促,1.0,,,,,,
他,28.0,2.0,,11.0,1.0,3.0,
他们,13.0,,,,,1.0,
他存,,,,1.0,,,
付出,1.0,,,,,,
付费,1.0,,,,,,
代价,2.0,,,,,,
代尔,2.0,,,,,,
代表,,,,,,1.0,1.0
令,4.0,,,,,2.0,
令人,3.0,,,,,,
以,13.0,,2.0,1.0,1.0,1.0,
以上,1.0,,,,,,
以为,1.0,,,,1.0,,
以及,5.0,,3.0,,,1.0,1.0
以后,1.0,,,,,,
以外,,,,,,,1.0
以往,1.0,,,,,,
以期,1.0,,,,,,
以来,6.0,1.0,,,,1.0,
以概,1.0,,,,,,
以此,1.0,,,,,,
以求,1.0,,,,,,
以至于,1.0,,,,,,
以色列,,2.0,,,,,
们,13.0,,,4.0,,,
仲裁,25.0,,10.0,,,,
仲裁庭,8.0,,3.0,,,,
价,1.0,,,,,,
价位,1.0,,,,,,
价值,2.0,1.0,,,,,
价格,6.0,,,,,2.0,
任,3.0,1.0,,,,,
任上,1.0,,,,,,
任何,1.0,,1.0,,,,
任务,,,,,,1.0,
任命,5.0,,,,,,
任天堂,3.0,,,,,,
任期,1.0,,,,,,
份,,1.0,,,,,
企业,10.0,,1.0,,1.0,1.0,
企及,1.0,,,,,,
企图,4.0,,,,,1.0,
伊,2.0,,,,,,
伊尔,2.0,,,,,,
伊拉克,4.0,,,,,,
伊斯兰,3.0,,,,,,
伊斯坦布尔,4.0,,3.0,,,,
伍,1.0,,,,,,
伏击,2.0,,,,,,
休市,1.0,,,,,,
众目睽睽,,,,,,1.0,
优于,,,,,1.0,,
优先发展,,,1.0,,,,
优势,1.0,,,,,,
优质,2.0,,,,,,
伙伴,1.0,,,,,,
会,8.0,2.0,,3.0,3.0,,
会用,,,,,1.0,,
会见,1.0,,2.0,,,,
会议,3.0,,,,,,
会诊,,,1.0,,,,
会长,,,1.0,,,,
伟大,1.0,,,,,,
传承,1.0,,,,,,
传播,,,,,,1.0,
传统,4.0,,,,,,
传言,,,,,1.0,,
传说,,,,,,,1.0
传达,1.0,,,,,,
传闻,,,,,1.0,,
伤亡,1.0,,,,,,
伤害,,,,,,1.0,
伦,1.0,,,,,,
伦为,1.0,,,,,,
伦家,,,,3.0,,,
伦尼,1.0,,,,,,
伦德,1.0,,,,,,
伦敦,13.0,,,,,,
伯爵,1.0,,,,,,
伯里,1.0,,,,,,
估值,1.0,,,,,,
估计,1.0,,,,,,
伴侣,,1.0,,,,,
伴随,1.0,,,,,,
似乎,4.0,1.0,,,,1.0,
但,18.0,2.0,2.0,1.0,3.0,,
但是,3.0,,,1.0,3.0,,
位,,2.0,,,,,
位于,4.0,,,,,,
位置,1.0,,,,,,
低且,,,,,1.0,,
低于,1.0,,,,,1.0,
低功耗,,,,,1.0,,
低成本,,,,,1.0,,
低点,1.0,,,,,,
低调,1.0,,,,1.0,,
低迷,1.0,,,,,,
住手,,,,3.0,,,
住院治疗,,,1.0,,,,
体制,,,,,,1.0,
体系,1.0,,3.0,,1.0,,
体育课,,,,3.0,,,
体香,1.0,,,,,,
体验,,,,2.0,2.0,,
何在,1.0,,,,,2.0,
何地,1.0,,,,,,
何种,1.0,,,,,,
何谓,1.0,,,,,,
余人,,,1.0,,,,
佛州,,1.0,,,,,
作为,9.0,1.0,1.0,1.0,,1.0,1.0
作何,,,,,,,1.0
作出,4.0,,3.0,,,,
作战,2.0,,,,,,
作案,,1.0,,,,,
作用,2.0,,,,,,
你,8.0,,,27.0,5.0,1.0,2.0
你治直,,,,,1.0,,
佩吉,1.0,,,,,,
佩枪,,,1.0,,,,
佳佳,,,,3.0,,,
佳绩,1.0,,,,,,
使,5.0,,,,,,
使命,1.0,,,,,,
使得,1.0,,1.0,,,,
使用,4.0,,,,1.0,,
使领馆,,,1.0,,,,
使馆,,1.0,,,,,
例,,1.0,,,,,
例外,1.0,,,,,,
例如,1.0,,,,,,
供应,2.0,,,,,,
供应商,1.0,,,,,,
供电,,,,,1.0,,
供给,,,1.0,,,,
依,1.0,,,,,,
依据,1.0,,,,,1.0,
依次,1.0,,,,,,
依然,1.0,,,,1.0,,
依照,,,,,,1.0,
依赖,3.0,1.0,1.0,,,1.0,
依靠,1.0,,,,,,
侧,,,1.0,,,,
侯延琨,1.0,,,,,,
便,1.0,,,,,,
便宜,1.0,,,,1.0,,
促使,1.0,,,,,,
促进,1.0,,,,,,
俄,,,,,,1.0,
俄军,,,,,,1.0,
俄制,,,,,,1.0,
俄罗斯,1.0,,2.0,,,,
俄美,,,,,,1.0,
俄美正,,,1.0,,,,
俗活,1.0,,,,,,
保健,,,,,1.0,,
保存,,1.0,,,,,
保守党,5.0,,,,,,
保守势力,,,,,,1.0,
保守派,1.0,,,,,,
保护,1.0,,1.0,,,,
保护主义,3.0,,,,,,
保持,2.0,,3.0,,,,
保持警惕,1.0,,,,,,
保罗,2.0,,,,,,
信任,1.0,,,,,,
信佛教,1.0,,,,,,
信函,,,,,,1.0,
信号,,,,,15.0,,
信心,1.0,,2.0,,,,
信息,4.0,1.0,,,1.0,,
信用,,,3.0,,1.0,,
信用风险,,,3.0,,,,
信贷,1.0,,,,,,
俩,,,,1.0,,,
修宪,1.0,,,,,,
修宪则,1.0,,,,,,
修改,2.0,,,,,1.0,
修眉,,,,3.0,,,
修缮,,1.0,,,,,
倍,1.0,,,,,,
倒,,,,1.0,,2.0,
倒下,,,,,,1.0,
候选人,3.0,,,,,,
借机,1.0,,,,,,
借钱,1.0,,,,,,
倡导,1.0,,,,,,
债券,3.0,,,,,,
值得,1.0,,,,,,
值得注意,,,,,,1.0,
倾向,1.0,,,,,,
倾销,1.0,,,,,,
假如,2.0,,,3.0,,,
假定,1.0,,,,,,
假素芬,,,,1.0,,,
偏偏,,1.0,,,,,
偏爱,,,,,,,1.0
偏颇,1.0,,,,,,
做,4.0,,1.0,4.0,,,
做出,3.0,,,,,,
做好,3.0,,,,,,
做成,1.0,,,,,,
做梦,,,,2.0,,,
做法,1.0,,,,,,
做空,1.0,,,,,,
做饭,,,,1.0,,,
停放,1.0,,,,,,
停止,1.0,,,,,1.0,
停滞,1.0,,,,,,
停牌,1.0,,,,,,
停车场,1.0,,,,,,
停靠在,1.0,,,,,,
健康,,,,,1.0,,
健康状况,1.0,,,,,,
偶然,,1.0,,,,,
偷,,,,1.0,,,
偷偷,,,,1.0,,,
偿还,1.0,,,,,,
傍晚,,,1.0,,,,
储能,,1.0,,,,,
傻,,,,3.0,,,
像,6.0,,,,,1.0,
像是,2.0,,,,,,
僵局,,,,1.0,,,
儿子,,,,3.0,,,
儿童,,,,3.0,,,
允许,1.0,,,,,,
元,,,1.0,1.0,,,
元昊,1.0,,,,,,
元素,,,,,,,1.0
充,1.0,,,,,,
充分准备,1.0,,,,,,
充斥,1.0,,,,,,
充满,3.0,,,,,,
充电,,2.0,,,,,
充足,,,,,,1.0,
先,,,,,,,1.0
先例,1.0,,,,,1.0,
先发制人,1.0,,,,,,
先打,,,,1.0,,,
先河,1.0,,,,,,
先生,,,,,,,1.0
光,1.0,,,,,,
光明,1.0,,,,,,
光辉,1.0,,,,,,
克什米尔地区,,,3.0,,,,
克制,2.0,,,,,,
克林顿,1.0,,,,,1.0,
克洛弗,2.0,,,,,,
克里,1.0,,1.0,,,,
克里夫兰,,,1.0,,,,
克里斯,1.0,,,,,,
克里斯托弗,1.0,,,,,,
免费,1.0,,,,,,
兑,1.0,,,,,,
党内,1.0,,,,,,
党和人民,,,,,,1.0,
党章,,,,,,1.0,
入主,1.0,,,,,,
入侵,1.0,,,,,,
入校,,1.0,,,,,
入门,,,,,2.0,,
全代会,,,1.0,,,,
全国,5.0,,8.0,,,2.0,
全国代表大会,,,2.0,,,,
全年,2.0,,,,,,
全文,,,,,,20.0,
全校,,,,,,,1.0
全民,1.0,,,,,,
全班学生,1.0,,,,,,
全球,12.0,1.0,4.0,,,,
全球化,3.0,,,,,,
全球股市,1.0,,,,,,
全程,1.0,,,,,,
全系,,,,,,1.0,
全美,,,1.0,,,,
全资,1.0,,,,,,
全过程,1.0,,,,,,
全部,1.0,,,,,,
全都,,,1.0,,,,
全面,1.0,,,,,2.0,
八十三,,,,1.0,,,
公交,,,,4.0,,,
公众,1.0,,,,15.0,1.0,
公共,,1.0,,,,,
公共卫生,1.0,,,,,,
公共场所,1.0,,,,,,
公共部门,1.0,,,,,,
公司,22.0,,1.0,,4.0,,
公司债务,1.0,,,,,,
公告,2.0,,,,,,
公园,2.0,,,,,,
公布,8.0,2.0,,,2.0,1.0,
公平,,,,,,2.0,
公平竞争,1.0,,,,,,
公开,1.0,,,,,,
公投,20.0,,,,,,
公斤,,2.0,,,,,
公明党,1.0,,,,,,
公民,3.0,,6.0,,,,
公约,3.0,,,,,,
公路,,1.0,,,,,
公路桥,,1.0,,,,,
六个,1.0,,,,,,
六个月,1.0,,,,,,
六位,1.0,,,,,,
六小时,1.0,,,,,,
六年,2.0,,,,,,
六成,,1.0,,,,,
六次,,,,1.0,,,
共,,2.0,2.0,,,,
共享,3.0,,,,,,
共同,,,1.0,,,,
共同行动,,,1.0,,,,
共和党,2.0,,3.0,,,,
共和国,,,,,,1.0,
共识,2.0,,1.0,,,,
共谋,,,1.0,,,,
关,,,3.0,,,,
关于,3.0,,,,,,3.0
关切,1.0,,3.0,,,,
关注,5.0,1.0,2.0,,15.0,,
关系,1.0,,5.0,,,,
关键,2.0,,,,,,
关键作用,,,1.0,,,,
关键问题,1.0,,,,,,
关闭,,1.0,,,,,
兴趣,2.0,,,,,,
其,23.0,1.0,,,2.0,2.0,
其中,1.0,1.0,2.0,,,1.0,
其他,14.0,,,,,1.0,
其入,,,1.0,,,,
其大婚,,1.0,,,,,
其妻,,1.0,,,,,
其它,1.0,,,,,,
其实,,,,,,3.0,
其本,1.0,,,,,,
具体,1.0,,,,,1.0,
具体情况,,,1.0,,,,
具有,1.0,,1.0,,,1.0,
内,2.0,1.0,7.0,1.0,,,
内务,,,3.0,,,,
内地,1.0,,,,,,
内容,4.0,,,1.0,,1.0,
内情,1.0,,,,1.0,,
内政,4.0,,,,,,
内政部,,,2.0,,,,
内斗,1.0,,,,,,
内斯,2.0,,,,,,
内裤,,,,3.0,,,
内部,,,,,1.0,,
内阁会议,1.0,,,,,,
冈萨雷斯,,,5.0,,,,
册,,1.0,,,,,
再,5.0,,,,2.0,1.0,1.0
再发,,,1.0,,,,
再来,,,,1.0,,,
再次,3.0,,,,,,
再生能源,1.0,,,,,,
冒,,1.0,,,,,
冒险,1.0,,,,1.0,,
写,,,,,,,1.0
写作,1.0,,,,,,1.0
写道,,,,1.0,,,
军事,,,1.0,,,,
军事政变,2.0,,4.0,,,,
军人,2.0,,6.0,,,1.0,
军品,,,,,,1.0,
军官,1.0,,,,,,
军工,,,,,,1.0,
军方,2.0,,2.0,,,,
军旗,,,,,,1.0,
军火交易,1.0,,,,,,
军队,,,,,,1.0,
农村,,,,,,1.0,
农资,1.0,,,,,,
冠名,,,,,,2.0,
冯大辉,,,,,2.0,,
冯涛,1.0,,,,,,
冰冻,,,,3.0,,,
冲入,1.0,,,,,,
冲击,2.0,,,,,,
冲撞,1.0,,,,,,
冲浪,,1.0,,,,,
冲突,,,3.0,,,,
决定,6.0,1.0,,4.0,,,
决心,,,,,,3.0,
决策层,1.0,,,,,,
决裂,,,,,,1.0,
决议,2.0,,,,,,
冷战,,,,,,1.0,
冷笑,,,,3.0,,,
准,,,1.0,,,,
准备,2.0,,3.0,,1.0,,
准确,2.0,,,,,1.0,
凌晨,2.0,,,,,,
减少,4.0,,,,,,
凝望,1.0,,,,,,
几个,2.0,,,,,,1.0
几乎,3.0,,,,,1.0,
几国,1.0,,,,,,
几天,,,,4.0,1.0,,
几年,2.0,,,,,1.0,
凯特,2.0,1.0,,,,,
凶手,1.0,,,,,,
凸显,1.0,,,,1.0,,
凸显出,2.0,,,,,,
出,7.0,1.0,,1.0,,,
出于,1.0,,,,,,
出具,,,,,,1.0,
出动,,,,,,1.0,
出发,1.0,,,,,,
出发点,1.0,,,,,,
出口,3.0,,,,,1.0,
出台,1.0,,,,,,
出售,2.0,,,,,,
出差,,,,1.0,,,
出席,1.0,2.0,1.0,,,,
出来,1.0,,,,,,
出炉,1.0,,,,,,
出现,5.0,1.0,,,,1.0,
出货量,1.0,,,,,,
出镜,,,,,1.0,,
出门,1.0,,,,,,
击毙,1.0,,,,,,
击落,,,1.0,,,,
击败,1.0,,,,,,
击退,1.0,,,,,,
分,3.0,,,,1.0,,
分在,1.0,,,,,,
分子,3.0,,,,,,
分局,,,1.0,,,,
分明,1.0,,,,,,
分析,3.0,,,,,,
分析表明,1.0,,,,,,
分类,,,,130.0,,,
分裂,1.0,,,,,,
分辨率,,,,,1.0,,
分配,,,1.0,,,,
分量,,,,,,1.0,
刑不上,,,,,,1.0,
划拨,1.0,,,,,,
划设,1.0,,,,,,
列入,,,1.0,,,,
列车,,,,2.0,,1.0,
刘强,,,,,1.0,,
刘振民,1.0,,,,,,
刘易斯,1.0,,,,,,
刘海洋,1.0,,,,,,
则,1.0,,,,,,
刚,,,,1.0,,,
刚刚,,,,3.0,,,
创,1.0,,,,,,
创下,1.0,,1.0,,,,
创业,3.0,,,,,,
创业板,1.0,,,,,,
创业者,1.0,,,,,,
创始人,1.0,,,,,,
创新,1.0,,,,,,
创造,1.0,,,,2.0,1.0,
初,,1.0,,,,,
初恋,,,,,,,1.0
初春,,,,1.0,,,
初衷,,1.0,,,,,
初见成效,,,1.0,,,,
初选,1.0,,,,,,
删除,2.0,,,,,,
判断力,1.0,,,,,,
利,2.0,,,,,,
利区,1.0,,,,,,
利奥,1.0,,,,,,
利好,1.0,,,,,,
利己,1.0,,,,,,
利德,1.0,,,,,,
利润,1.0,,,,,,
利润率,1.0,,,,,,
利用,3.0,,,,,,
利用率,2.0,,,,,,
利用网络,1.0,,,,,,
利益,1.0,,,,1.0,,
利雅得,,,1.0,,,,
别人,,,,3.0,,,
别的,,,,,,,1.0
别误会,1.0,,,,,,
到,20.0,,2.0,7.0,,2.0,1.0
到家,,,,1.0,,,
制作,1.0,,,,,,
制作方,,,,,,,1.0
制定,1.0,,,,,,
制定者,2.0,,,,,,
制式,1.0,,,,,,
制止,,,,1.0,,,
制片厂,1.0,,,,,,
制裁,,,,,,3.0,
制造业,1.0,,,,,,
制造商,4.0,,,,,,
刷,,,,1.0,,,
刷刷,,,,3.0,,,
刷屏,,,,1.0,,,
刺激,2.0,,,,,,
刻字,1.0,,,,,,
削减,2.0,,,,,,
前,9.0,,,3.0,1.0,,2.0
前一天,1.0,,,,,,
前一阵子,,,,,,,1.0
前三名,,,,,,,1.0
前不久,1.0,,,,,,
前任,1.0,2.0,,,,,
前去,1.0,,,,,,
前后,,,,,,1.0,
前夕,,,1.0,,,,
前夫,1.0,,,,,,
前往,2.0,,1.0,,,,
前所未有,1.0,,,,,,
前景,,,2.0,,,,
前男友,,1.0,,,,,
前者,1.0,,,,,,
前路,,,,,1.0,,
前首相,1.0,,,,,,
剑桥,1.0,,,,,,
剧,1.0,,,,,,
剧变,1.0,,,,,,
剧本,,,,,,,1.0
剧毒,,2.0,,,,,
剪成,,,,3.0,,,
剪指甲,,,,3.0,,,
副,3.0,,,,,,
副官,1.0,,,,,,
副议长,1.0,,,,,,
劈,,,,1.0,,,
力作,,,,,1.0,,
力图,1.0,,,,,,
力求,1.0,,,,,,
力量,3.0,,,,,,
办公室,,,1.0,,,,
办法,1.0,,,,,,
办理,,,2.0,,,,
功能,1.0,,,,,,
加,1.0,,,,,,
加上,2.0,,,,,,
加倍,,,,1.0,,,
加入,3.0,,,,,,
加利福尼亚州,,1.0,,,,,
加剧,2.0,,,,,,
加大,3.0,,,,,,
加州,,1.0,,,,,
加强,,,3.0,,,,
加德纳,1.0,,,,,,
加快,1.0,,,,,,
加息,1.0,,,,,,
加普,1.0,,,,,,
加班,,,,1.0,,,
加速,1.0,,,,,,
务实,,,1.0,,,,
动力,3.0,,,,,,
动物图片,,,,42.0,,,
动用,,,1.0,,,,
动画,,,,54.0,,,
动车,,,,,,1.0,
动车组,,,,,,2.0,
助,1.0,,,,,,
助其,1.0,,,,,,
助手,,,,,1.0,,
助燃,1.0,,,,,,
助长,1.0,,,,,,
努力,,,1.0,,,,
劫匪,,,,3.0,,,
劳伦斯,1.0,,,,,,
劳工,3.0,,,,,,
势头,1.0,,,,,,
勇气,,,,1.0,,,
勒姆,1.0,,,,,,
勘探,1.0,,,,,,
匀速,1.0,,,,,,
包括,5.0,,,,,1.0,
匈牙利,,,7.0,,,,
化,6.0,,,,,,
化成,,,,,,1.0,
化解,2.0,,,,,,
北,1.0,,,,,,
北京,28.0,,7.0,,,2.0,
北京市,1.0,,,,,,
北部,1.0,,,,,1.0,
区,,,1.0,,,,
区域,3.0,,1.0,,,,
区域合作,,,4.0,,,,
医学,,1.0,,,3.0,,
医疗,,,,,1.0,,
十三,1.0,,,,,,
十余,,,1.0,,,,
十八次,,,,1.0,,,
十分,1.0,1.0,,,1.0,,
十国,1.0,,,,,,
十块钱,,,,1.0,,,
十字军,1.0,,,,,,
十字架,,,,,,1.0,
十点,1.0,,,,,,
千万,,1.0,,,,,1.0
千人,,,1.0,,,,
千枚,,1.0,,,,,
升温,2.0,,,,,,
升级,4.0,,,,,1.0,
午后,1.0,,,,,,
午餐,1.0,,,,,,
半,1.0,,,,,,
半导体,2.0,,,,,,
半数,2.0,,,,,,
半边天,,,,,,1.0,
华,1.0,,,,,,
华为,3.0,,,,,,
华人,,,3.0,,,,
华侨,,,3.0,,,,
华夏,,,1.0,,,,
华尔街,2.0,,,,,,
华润,1.0,,,,,,
华盛顿,8.0,,,,,1.0,
协会会长,,,,,,1.0,
协同,2.0,,,,,,
协商,1.0,,,2.0,,,
协议,6.0,1.0,,,,,
协调,1.0,,1.0,,,,
单小虎,1.0,,,,,,
单方面,,,1.0,,,,
单月,1.0,,,,,,
单通道,1.0,,,,,,
卖家,1.0,,,,,,
南,,,1.0,,,1.0,
南中国海,16.0,,,,,,
南方,,,1.0,,,,
南海,20.0,,14.0,1.0,,1.0,
南部,1.0,,1.0,,,,
博世,1.0,,,,,,
博客,,,,,,,10.0
博导,,,,,,2.0,
博尔顿,,1.0,,,,,
博弈,1.0,,,,,,
博斯普鲁斯,1.0,,,,,,
博斯普鲁斯海峡,1.0,,,,,,
博潘,1.0,,,,,,
博讷,,1.0,,,,,
博里,,,,,,1.0,
占,2.0,,,,,,
卡,2.0,,,,,,
卡尼,1.0,,,,,,
卡恩,1.0,,,,,,
卡拉,,,1.0,,,,
卡梅伦,10.0,,,,,,
卡罗尔,1.0,,,,,,
卡车,1.0,,1.0,,,,
卡车司机,1.0,,,,,,
卢斯,1.0,,,,,,
卧槽,,,,1.0,,,
卫星,,,1.0,,,,
卫生,,,,3.0,,,
印度,1.0,,,,,,
印度人,1.0,,,,,,
印度洋,,,,,,1.0,
印控,,,3.0,,,,
印记,,,,3.0,,,
印象,3.0,,,,,,
危机,2.0,,,,,,
危险,2.0,,,,,,
即,1.0,1.0,,,,,
即便,,,,,,1.0,
即将,4.0,,1.0,,,,
即日,,,,,,1.0,
即生,1.0,,,,,,
却,8.0,2.0,,,,1.0,
却是,1.0,,,,,,
卸任,1.0,,,,,,
厅,,,1.0,,,,
历史,5.0,1.0,,,,2.0,
历史系,,,,,,1.0,
压低,1.0,,,,,,
压力,2.0,2.0,,,,,
厕所,,,,4.0,,,
厚望,,,,,,1.0,
原,,,1.0,,1.0,,
原则,5.0,,,,,,
原告,,,,3.0,,,
原因,4.0,1.0,1.0,,,1.0,
原文,,,,,15.0,,10.0
原本,3.0,,,,,,
原油,1.0,,,,,,
厦大,,,,,,3.0,
厦门大学,,,,,,1.0,
去,7.0,,,13.0,2.0,,3.0
去年,2.0,,1.0,,,,
参与,4.0,,3.0,,,,
参与者,3.0,,,,,,
参加,2.0,1.0,,,,,1.0
参考,1.0,,,,,,
参赛,,,,,,,1.0
又,5.0,1.0,,6.0,3.0,,1.0
及,6.0,,2.0,,,,
及其,1.0,,,,,,
友好,,,1.0,,,,
友好关系,,,1.0,,,,
双头,,1.0,,,,,
双方,1.0,,1.0,,,,
双脸,,2.0,,,,,
双输,,,,,,1.0,
双边,2.0,,,,,,
双面,,1.0,,,,,
反,4.0,,2.0,,,1.0,
反倾销,1.0,,,,,,
反其道而行之,,1.0,,,,,
反击,2.0,,,,,,
反叛,1.0,,,,,,
反响,1.0,,,,,,
反复,1.0,,,,,,
反对,3.0,,3.0,,,,
反应,1.0,,,,,,
反弹,1.0,,,,,,
反思,1.0,,,,,,
反恐,1.0,,,,,,
反感,1.0,,,,,,
反映,2.0,,,,,,
反正,,,,3.0,,,
反而,1.0,,,,,,
反腐,,,,,,1.0,
反腐败,,,,,,4.0,
反驳,1.0,,,,,,
发出,2.0,1.0,,,,,
发动,5.0,,1.0,,,,
发动机,,,,,,1.0,
发声,1.0,,,,,,
发大财,,,,,1.0,,
发展,12.0,,5.0,,,2.0,
发工资,,,,1.0,,,
发布,3.0,,1.0,,,1.0,
发布公告,2.0,,,,,,
发挥,1.0,,,,,,
发明,2.0,,,,,,
发现,5.0,1.0,,5.0,15.0,2.0,
发生,8.0,1.0,11.0,,,,
发生冲突,,,2.0,,,,
发生变化,1.0,,,,,,
发电,,2.0,,,,,
发电厂,2.0,,,,,,
发电能力,3.0,,,,,,
发行,4.0,,,,,,
发表,4.0,,1.0,,,1.0,
发表声明,,,,,,2.0,
发表文章,1.0,,,,,,
发言,,,2.0,,,,
发言人,2.0,,3.0,,,,
发誓,1.0,,,,,,
发起,,2.0,,,,,
发送,,,,,,1.0,
发酵,1.0,,,,,1.0,
取代,1.0,,,,,,
取得,,,2.0,,,,
受伤,2.0,,6.0,,,,
受到,4.0,,1.0,,,,
受困,1.0,,,,,,
受害者,2.0,,,,,,
受益,1.0,,,,,,
受访者,,,,,,1.0,
受该,,,,,1.0,,
变化,2.0,,,,1.0,1.0,
变形记,,,,12.0,,,
变得,3.0,,,,1.0,,
变成,1.0,,,,,,
变薄,,,,,1.0,,
变轻,,,,,1.0,,
叙利亚,1.0,,3.0,,,,
叛乱,1.0,,,,,,
叛乱分子,,,1.0,,,,
叠加,1.0,,,,,,
口号,1.0,,,,,,
口哨,,,,1.0,,,
口渴,,,,1.0,,,
口袋,,,,1.0,,,
口袋妖怪,5.0,,,,,,
古举,1.0,,,,,,
古法,1.0,,,,,,
古老,1.0,,,,,,
另,4.0,,,,,1.0,
另外,1.0,,,,,,
另据报道,,,1.0,,,,
另有,,,1.0,,,,
只,,,,4.0,,1.0,
只会,,,1.0,,,,
只是,2.0,,,,,1.0,1.0
只有,,1.0,,,,,
只要,1.0,,,,,,
叫,,,,2.0,,,
叫醒,,,,1.0,,,
召唤,,,,3.0,,,
召开,2.0,,2.0,,,,
可,2.0,3.0,1.0,3.0,1.0,1.0,
可以,7.0,1.0,,6.0,3.0,2.0,
可口,,,,,1.0,,
可怕,,,,,3.0,,
可怜,,,,1.0,,,
可爱,,1.0,,1.0,,,
可疑,,,1.0,,,,
可能,18.0,2.0,5.0,,1.0,,
可谓,1.0,1.0,,,,,
可靠,1.0,1.0,,,,1.0,
可靠性,3.0,,,,,,
台,,,,1.0,,,
台海两岸,1.0,,,,,,
台湾,2.0,,,,,,
史上,,1.0,,,,,
史书,1.0,,,,,,
右派,1.0,,,,,,
右翼,,,,,,1.0,
号,2.0,,2.0,,15.0,8.0,
号码,,,,,,,2.0
号称,,1.0,,,,,
司机,3.0,,,,,,
司法,2.0,,2.0,,,1.0,
司法机关,,,,,,1.0,
吃,1.0,1.0,,8.0,,,
吃惊,,1.0,,,,,
吃掉,,1.0,,,,,
各,1.0,,2.0,,,,
各个,1.0,,,,,,
各国,3.0,,,,,,
各地,,1.0,,,,2.0,
各大,1.0,,,,,,
各方,4.0,,,,,,
各派,1.0,,,,,,
各界人士,1.0,,,,,,
各种,2.0,,,,,,
各自,1.0,,,,,,
合,1.0,,,,,,
合作,1.0,,3.0,,,3.0,
合力,1.0,,,,,,
合同,5.0,,,,,,
合适,1.0,,,,,,
吉万,1.0,,,,,,
吉莲,2.0,,,,,,
同,2.0,,1.0,,,,
同属,1.0,,,,,,
同年,1.0,,,,,,
同意,3.0,,,,,,
同时,5.0,2.0,1.0,,,1.0,2.0
同样,3.0,,1.0,,1.0,,
同比,4.0,,,,,,
同盟,,,1.0,,,,
名,12.0,,14.0,,,,
名为,,1.0,,,,,
名列前茅,1.0,,,,,,
名号,,,,,,1.0,
名嘴,,,,,,1.0,
后,22.0,2.0,3.0,,,1.0,
后会无期,,,,,,,2.0
后来,1.0,,,,,,2.0
后知后觉,1.0,,,,,,
后者,1.0,,,,,,
后门,1.0,,,,,,
后雨,,,,3.0,,,
后首,1.0,,,,,,
向,9.0,,2.0,2.0,,1.0,
吗,5.0,,,10.0,4.0,1.0,
否则,,1.0,,,,,1.0
否定,2.0,,,,,,
吧,,,,1.0,,,
含,,1.0,,,,,
含有,,1.0,,,,,
含糊,1.0,,,,,,
含蓄地,1.0,,,,,,
听,1.0,,,,,,
听到,1.0,,1.0,,,,
听后,,,,,,1.0,
听说,,,,,,1.0,
吴,,,1.0,,,,
吴佳柏,2.0,,,,,,
吴思,,,,,,1.0,
吴春明,,,,,,1.0,
吵架,,,,1.0,,,
吸尘器,,,,3.0,,,
吸引,3.0,1.0,,,,,
吹,,,,1.0,,,
吻合,1.0,,,,,,
呀,,,,1.0,,,
呆,1.0,,,,,,
呆板,1.0,,,,,,
呆滞,1.0,,,,,,
呈现出,1.0,,,,,,
告别,,,,,,,2.0
告知,,,,,,1.0,
告终,1.0,,,,,,
告诉,2.0,,1.0,,1.0,,2.0
告诫,1.0,,,,,,
呕吐,,,,1.0,,,
呗,,,,1.0,,,
员工,2.0,,,,,,
呢,,,,11.0,3.0,,
周,1.0,,,,,,
周一,1.0,,,,1.0,,
周三,7.0,,,,,,
周二,5.0,,,,,,
周五,3.0,,,,,,
周初,1.0,,,,,,
周四,2.0,,,,,,
周日,5.0,,,,,,
周末,1.0,,,,,,
周永康,,,,,,3.0,
周边,1.0,,,,,,
呵呵,,,,1.0,,,
呼吁,6.0,,,,,,
呼声,1.0,,,,,,
呼救,1.0,,,,,,
命令,,,3.0,,,,
命名,,,,1.0,,1.0,
命感,,,,3.0,,,
咋,,,,1.0,,,
咋办,,,,,1.0,,
和,71.0,,17.0,12.0,3.0,6.0,5.0
和尚,,,,3.0,,,
和平,5.0,,2.0,,,,
和平主义,1.0,,,,,,
和平解决,1.0,,,,,,
和平谈判,1.0,,,,,,
和谐,1.0,,,,,,
咔,2.0,,,,,,
咦,,,,3.0,,,
咨询,,,1.0,,,,
咬,,,,1.0,,,
咱们,,,,1.0,,,
咱家,,,,1.0,,,
哀悼,1.0,,,,,,
品,,,,,,1.0,
品牌,2.0,,,,,,
品质,1.0,,,,,,
哄,,,,,1.0,,
哇,,,,3.0,,,
哈,,,1.0,,,,
哈丁,1.0,,,,,,
哈丽雅特,1.0,,,,,,
哈利波,,,,,2.0,,
哈勒,1.0,,,,,,
哈哈,,,,3.0,,,
哈拉,,,1.0,,,,
哈福德,2.0,,,,,,
哈罗德,1.0,,,,,,
哈萨克斯坦,2.0,,1.0,,,,
哈蒙德,2.0,,,,,,
哈里发,1.0,,,,,,
响起,,,,1.0,,,
哐,,,,24.0,,,
哥中,,,2.0,,,,
哥们,,,,5.0,,,
哥斯达黎加,,,4.0,,,,
哥方,,,3.0,,,,
哪,,,,3.0,,,
哪些,,,,,1.0,,
哪来,,,,1.0,,,
哪边,,,,1.0,,,
哭,,,,3.0,,,
哲学家,1.0,,,,,,
唉,,,,1.0,,,
唐,2.0,,,,,,
唐世平,1.0,,,,,,
唐南,4.0,,,,,,
唐宁街,5.0,,,,,,
唐纳德,4.0,,,,,,
售价,,,,,1.0,,
唯一,1.0,,,,,,
唱,,,,2.0,,,
商人,3.0,,,,,,
商会,1.0,,,,,,
商品,3.0,,,,,,
商品化,1.0,,,,,,
商品房,,,,,,1.0,
商家,,,1.0,,,,
商机,,,1.0,,,,
商界,3.0,,,,,,
商谈,1.0,,,,,,
啊,,,,16.0,,,
啥,,,,,,,2.0
啦,1.0,,,,,,
喀麦隆,2.0,,,,,,
喊,,,,1.0,,,
喋喋不休,1.0,,,,,,
喜欢,2.0,1.0,,4.0,1.0,,
喝,,,,1.0,,,
喝醉,,,,1.0,,,
喵,,,,3.0,,,
嘘,,,,2.0,,,
嘛,,,,6.0,,,
嘲讽,,,,,,1.0,
嘴里,,,,1.0,,1.0,
器,,,,40.0,,,
噶哈,,,,3.0,,,
囊括,1.0,,,,,,
四处,,,,,,,1.0
四大,,,,3.0,,,
四岁,,,,1.0,,,
四成,,1.0,,,,,
四类,,,,,1.0,,
回,2.0,,,1.0,,,
回到,,1.0,,1.0,,,
回升,1.0,,,,1.0,,
回家,,,,1.0,,,
回应,2.0,,,,2.0,,
回归,,,,,,1.0,
回忆,1.0,,,,,,
回忆起,1.0,,,,,,
回来,,,,6.0,,,
回答,1.0,1.0,1.0,2.0,,,
因,2.0,1.0,4.0,,,1.0,
因为,5.0,,,,1.0,,1.0
因其,1.0,,,,,,
因日,,1.0,,,,,
因此,4.0,,1.0,,,,
因特尔,,,,,1.0,,
因病,,1.0,,,,,
团团,1.0,,,,,,
团结,2.0,,,,,,
囧,,,,1.0,,,
园,,,,,1.0,,
困局,2.0,,,,,,
困扰,1.0,,,,,,
困难,1.0,,,,,,
围成,1.0,,,,,,
围棋,,,,,1.0,,
围绕,1.0,,,,,,
国,5.0,,,,,,
国企改革,4.0,,,,,,
国会,1.0,,,,,,
国债,2.0,,,,,,
国内,6.0,,,,,,
国务卿,1.0,,2.0,,,,
国务委员,,,1.0,,,,
国务院新闻办公室,,,,,,1.0,
国威,,,,,,,1.0
国家,14.0,,8.0,1.0,,,
国家工商,1.0,,,,,,
国家统计局,1.0,,,,,,
国庆日,4.0,,,,,,
国政,,,1.0,,,,
国旗,1.0,,,,,,
国有企业,2.0,,,,,,
国民,1.0,,,,,,
国王,,,1.0,,,,
国营,,,1.0,,,,
国货,1.0,,,,,,
国防工业,,,,,,1.0,
国际,10.0,,9.0,1.0,,,
国际法,1.0,,1.0,,,,
国际法院,4.0,,,,,,
国际舞台,1.0,,,,,,
国际要闻,,,1.0,,,,
图,1.0,3.0,,,,,
图书馆,,2.0,,,,,
图片,1.0,,,113.0,3.0,2.0,
图解,1.0,,,,,,
图谋,,,1.0,,,,
圆,,,,1.0,,,
圈子,1.0,,,,,,
土,,,11.0,,,,
土政策,,,,,,1.0,
土方,,,1.0,,,,
土耳其,12.0,,30.0,,,,
土耳其人,1.0,,,,,,
土耳其政府,1.0,,1.0,,,,
圣战,2.0,,,,,,
在,155.0,11.0,41.0,8.0,13.0,22.0,2.0
在于,1.0,,,,,,
在国,2.0,,,,,,
在家,,,,1.0,,,
在岸,,,,,,1.0,
在线,,,,20.0,,,
在职,,1.0,,,,,
地,10.0,,2.0,3.0,,1.0,1.0
地上,,1.0,,1.0,,,
地下,,1.0,,,,,
地中海,1.0,,,,,,
地位,4.0,,,,,,
地区,8.0,,2.0,,,2.0,
地图,3.0,,,,,,
地址,,,,,,,3.0
地方,2.0,,,,,2.0,
地方化,1.0,,,,,,
地毯,,1.0,,,,,
地球,1.0,,,3.0,,,
地盘,1.0,,,1.0,,,
地说,1.0,,,,,,
地道,,,,3.0,,,
地震,,,,,,,2.0
地面,1.0,,,,,,
场,1.0,,,,,,
场合,1.0,,,,,,
场所,1.0,,,,,,
场景,3.0,,,,,,
场面,1.0,,,,,,
均,1.0,,2.0,,1.0,,
坊间,,,,,,1.0,
坏,,,,1.0,,,
坐,,,,2.0,,,
坐地铁,,2.0,,,,,
块,,,,1.0,,,
块钱,,,,3.0,,,
坚信,,,,1.0,,,
坚决,,,4.0,,,,
坚持,1.0,,,,,,
坦克,2.0,,,,,,
埃,8.0,,3.0,,,,
埃及,5.0,,,,,,
埃及政府,1.0,,,,,,
埃文斯,1.0,,,,,,
埃玛,1.0,,,,,,
城,1.0,,,,1.0,,
城市,8.0,1.0,4.0,,,,
城市化,1.0,,,,,,
城池,,,,,,,1.0
培养,1.0,,,,,,
培训,2.0,,,,1.0,,
基,1.0,,,,,,
基于,,,,,1.0,,
基准,1.0,1.0,,,,,
基地,1.0,,,,,,
基士昆,,,1.0,,,,
基建,1.0,,,,,,
基本,1.0,,4.0,2.0,,1.0,
基本上,2.0,,,,,,
基点,1.0,,,,,,
基础,,,1.0,,,,
基础设施,,1.0,,,,,
基辅,,,,,,3.0,
基金,7.0,,,,,,
堵,1.0,,,,,,
塑料,,,,3.0,,,
塑造,1.0,,,,,,
塔伊,4.0,,,,,,
塔内,1.0,,,,,,
塔尔,1.0,,,,,,
塔瓦,2.0,,,,,,
塞夫,1.0,,,,,,
塞尔维亚,,,2.0,,,,
填海,2.0,,,,,,
境内,,,2.0,,,,
增加,1.0,,3.0,,,1.0,
增多,1.0,,,,,,
增幅,1.0,,,,,,
增强,1.0,,,,,,
增持,1.0,,,,,,
增派,1.0,,,,,,
增至,1.0,,1.0,,,,
增进,,,1.0,,,,
增速,3.0,,,,,,
增长,23.0,,1.0,,,,
增长率,2.0,,,,,,
增长速度,1.0,,,,,,
墨菲,1.0,,,,,,
声明,3.0,,,,,,
声称,1.0,,,,,,
声索,1.0,,,,,,
声誉,1.0,,,,,,
壳,,,,3.0,,,
处,1.0,,,,,,
处于,1.0,,,,,,
处境,1.0,,,,,,
处处,1.0,,,,,,
处理,1.0,,,,1.0,,
处理器,,,,,1.0,,
备受,1.0,,,,,,
备案,,,,,,2.0,
备胎,,,,2.0,,,
复合,1.0,,,,,,
复杂,1.0,,,,,,
复牌,1.0,,,,,,
夏天,,,,3.0,,,
夏季,1.0,,,,,,
外,1.0,,,1.0,,,
外交,4.0,,,,,,
外交大臣,1.0,,,,,,
外交官,2.0,,,,,,
外交部,,,6.0,,,,
外交部长,,,1.0,,,,
外出,,1.0,,,,,
外向,1.0,,,,,,
外国,1.0,,,,,,
外地,,,,,,1.0,
外媒,,,4.0,,,,
外来,1.0,,,,,,
外汇市场,1.0,,,,,,
外界,1.0,,,,,,
外相,1.0,,,,,,
外长,3.0,,4.0,,,,
多,10.0,1.0,1.0,9.0,1.0,1.0,
多万户,1.0,,,,,,
多个,1.0,,,,,,
多人,,1.0,5.0,,,,
多以,,1.0,,,,,
多名,,,,,,1.0,
多头,1.0,,,,,,
多家,1.0,1.0,,,,,
多少,2.0,,,2.0,,,
多岁,1.0,,,,,,
多年,1.0,,,,,,1.0
多数,3.0,1.0,,,,,
多月,1.0,,,,,,
多有,,1.0,,,,,
多来,1.0,,,,,,
多样,1.0,,,,,,
多次,,,,,1.0,,
多米尼克,1.0,,,,,,
多者,1.0,,,,,,
多行不义必自毙,,,,,,1.0,
多起,,,1.0,,,,
多重,1.0,,,,,,
夜,,1.0,,,,,
夜不闭户,,2.0,,,,,
夜游,1.0,,,,,,
夜间,1.0,,,,,,
大,5.0,,,6.0,,2.0,1.0
大中华区,1.0,,,,,,
大二,,,,1.0,,,
大于,,,,,,1.0,
大使,,,3.0,,,,
大使馆,,1.0,,,,,
大公,,,4.0,,,,
大关,1.0,,,,,,
大卫,1.0,,,,,,
大吃一惊,1.0,,,,,,
大吐苦水,,1.0,,,,,
大国,1.0,,,,,,
大多,1.0,,,,1.0,,
大多数,1.0,1.0,,,,,
大好河山,,,,,,1.0,
大学,1.0,1.0,,,,,
大学生,,2.0,,,,,
大宗,3.0,,,,,,
大家,,,,,,,3.0
大小,1.0,,,20.0,,,
大幅,4.0,,,,,,
大度,,,,2.0,,,
大想,,1.0,,,,,
大批,1.0,1.0,,,,,
大桥,2.0,,,,,,
大楼,,,7.0,,,,
大海,1.0,,,,,,
大爷,,,,1.0,,,
大片,2.0,,,,,,
大程度,1.0,,,,,1.0,
大约,2.0,,,,,,
大臣,4.0,,,,,,
大自然,,,,1.0,,,
大街,,,,1.0,,,
大西洋,,1.0,,,,,
大计,,,1.0,,,,
大选,2.0,,,,,,
大量,2.0,2.0,,,,,
大陆,1.0,,,,,,
天,1.0,1.0,,,,1.0,1.0
天天,,,,3.0,,,
天才,,,,,1.0,,
天津,1.0,,,,,,
天津大学,,,,,,2.0,
天然,1.0,,,,,,
天然气,1.0,,,,,,
天里,1.0,,,,,,
太,,,,3.0,,,
太平岛,1.0,,,,,,
太田,,1.0,,,,,
太空,1.0,,,,,2.0,
太阳能,1.0,,,,1.0,,
夫唱妇随,,,1.0,,,,
夫妇,,2.0,,,,,
夫妻,,2.0,,,,,
央行,4.0,,,,,,
央视,,,,,,1.0,
失去,2.0,,2.0,,,,
失地,1.0,,,,,,
失恋,,,,3.0,,,
失联,1.0,,,,,,
失衡,1.0,,,,,,
失败,3.0,,,,,,
失踪,1.0,,,,,,
头,,,,,,1.0,
头号,,,,,,1.0,
头巾,1.0,,,,,,
头痛,,,,3.0,,,
头破血流,1.0,,,,,,
夺回,2.0,,,,,,
奇珍异宝,1.0,,,,,,
奇迹,,,,,1.0,,
奇闻,,,,90.0,,,
契机,1.0,,,,,,
奔驰,,,,2.0,,,
奖励,2.0,,,,,,
奖金,1.0,,,,,,
奥,1.0,,1.0,,,,
奥巴马,11.0,,,,,,
奥班,,,2.0,,,,
奥运会,4.0,,,,,,
女,3.0,,,3.0,,3.0,
女人,,,,3.0,,,
女优,,,,1.0,,,
女佣,,,,1.0,,,
女博士,,,,,,1.0,
女友,,1.0,,1.0,,,
女士,2.0,,,,,,
女声,,,,1.0,,,
女子,1.0,2.0,,,,,
女孩,,2.0,,,,1.0,
女性,1.0,1.0,,,,,
女方,,,,1.0,,,
女朋友,,,,,1.0,,1.0
女权主义者,1.0,,,,,,
女生,,,,,,2.0,
女町长,,2.0,,,,,
奸杀,,1.0,,,,,
她,8.0,1.0,1.0,15.0,,2.0,
她们,1.0,,,,,,
好,5.0,1.0,3.0,17.0,,,
好事,1.0,,,,,,
好于,1.0,,,,,,
好像,,,,1.0,,,
好吃,,,,1.0,,,
好处,1.0,,,,,,
好大,,,,3.0,,,
好莱坞,,,,,1.0,,
好运,1.0,,,,,,
如,1.0,,,,,,
如今,2.0,,,,,,
如何,6.0,,,1.0,,,1.0
如日中天,1.0,,,,,,
如果,4.0,,,21.0,,1.0,
如果说,1.0,,,,,1.0,
如此,1.0,1.0,,,1.0,2.0,
妇女,1.0,,1.0,,,1.0,
妈妈,,,,2.0,,1.0,
妈蛋,,,,3.0,,,
妥协,1.0,,,,,,
妥善处理,,,3.0,,,,
妮,,1.0,,,,,
妹子,,,,8.0,,,
妹纸,,,,9.0,,,
妻子,1.0,,2.0,,,,
姆,1.0,,,,,,
始料未及,1.0,,,,,,
姐,,,,3.0,,,
姑娘,,,,6.0,,,
委员会,1.0,,1.0,,,,
委托,,,,,,1.0,1.0
姚宾,,,1.0,,,,
姿势,,,,3.0,,,
威尼斯,5.0,,,,,,
威廉,,1.0,,,,,
威廉姆斯,1.0,,,,,,
威胁,2.0,,1.0,,,,
娅,,,1.0,,,,
娘家,,,,1.0,,,
婚礼,,1.0,,,,,
婴,,1.0,,,,,
婴儿,,1.0,,,,,
婷婷,,,1.0,,,,
媒体,6.0,3.0,2.0,,,,1.0
媒体报道,2.0,,1.0,,,,
媳妇,,,,8.0,,,
嫌疑,1.0,,,,,,
嫌疑人,2.0,,,,,,
嫌疑者,1.0,,,,,,
子公司,4.0,,,,,,
子孙,,,1.0,,,,
字幕,,,1.0,,,,
字条,,,,1.0,,,
存在,2.0,,,1.0,,,
存钱,,,,1.0,,,
孙兴杰,1.0,,,,,,
孟加拉国,1.0,,,,,,
孟希,1.0,,,,,,
季度,7.0,,,,,,
孤狼式,,,1.0,,,,
学习,,,,,1.0,,
学习成绩,,,,,,,1.0
学年,1.0,,,,,,
学术,,,1.0,,,,
学术界,1.0,,,,,,
学校,,1.0,,,,,
学生,,3.0,,,,,
孩子,1.0,,,1.0,,,
宁静,,1.0,,,,,
它,18.0,1.0,,,2.0,2.0,2.0
它会,1.0,,,,,,
安,7.0,,3.0,,,,
安保,2.0,,,,,,
安倍,1.0,,,,,,
安倍晋三,2.0,,,,,,
安全,3.0,,6.0,,,,
安卡拉,3.0,,3.0,,,,
安吉丽娜,1.0,,,,,,
安在,1.0,,,,,,
安妮,3.0,2.0,,,,,
安德里,1.0,,,,,,
安检员,,,,1.0,,,
安然无恙,,,2.0,,,,
安达卢西亚,1.0,,,,,,
宋京雅,1.0,,,,,,
宋佩芬,1.0,,,,,,
完,,,,1.0,,,
完全,5.0,,,,,,
完好,,1.0,,,,,
完成,2.0,,,,,1.0,
宏观,2.0,,3.0,,,,
官僚机构,1.0,,,,,,
官员,3.0,,4.0,,,,
官方,5.0,,,,,,
定,1.0,,,,,,
定为,,,,,,1.0,
定性,1.0,,,,,,
宝可梦,1.0,,,,,,
宝石,,2.0,,,,,
宝能,1.0,,,,,,
宝能系,1.0,,,,,,
宝藏,,2.0,,,,,
实为,1.0,,,,,,
实力,1.0,,,,,,
实在,1.0,,,1.0,,1.0,
实属,1.0,,,,,,
实惠,1.0,,,,,,
实施,2.0,2.0,,,,,
实现,1.0,,,,1.0,,
实质,1.0,,,,,1.0,
实践,,,,,,2.0,
实际,1.0,,,,,1.0,
实验,1.0,,,,,,
宠物,,,,3.0,,,
审查,1.0,,,,,,
审理,1.0,,,,,,
客人,1.0,,,,,,
客户,2.0,,,,,,
客机,4.0,,,,,,
客访,,,,,,,1.0
宣布,3.0,1.0,1.0,,,,
宣战,1.0,,,,,,
宣言,2.0,,,,,,
宪法,2.0,,,,,3.0,
害羞,,,,1.0,,,
家,2.0,,,1.0,,,
家中,1.0,,,,,,
家庭作业,1.0,,,,,,
家族,1.0,,,,,,
家族企业,4.0,,,,,,
家里,,,,3.0,,,
家长,,,,,,1.0,
家门,,1.0,,,,,
容易,1.0,,,,,,
宽体,1.0,,,,,,
宽慰,1.0,,,,,,
密切,,,1.0,,,,
密切联系,1.0,,,,,,
密苏里州,,1.0,,,,,
密集,2.0,,,,,,
富,1.0,,,3.0,,,
富含,1.0,,,,,,
寒意,,,,,,1.0,
寓所,1.0,,,,,,
对,63.0,2.0,15.0,1.0,1.0,5.0,1.0
对于,7.0,,,,,2.0,
对冲,6.0,,,,,,
对外,,,,,,2.0,
对头,1.0,,,,,,
对峙,1.0,,,,,,
对手,1.0,,,,,,
对抗,,,,1.0,,,
对方,,,,2.0,,,
对此,3.0,,4.0,,,1.0,
对比,,,,,,1.0,
对立,1.0,,,,,,
对策,,1.0,,,,,
对话,,,,3.0,,,
对象,,,,1.0,,,
寺园,2.0,,,,,,
寻常,1.0,,,,,,
寻找,1.0,,,,,,
寻求,6.0,,,,,,
寻觅,2.0,,,,,,
导入,,1.0,,,,,
导师,,,,,,1.0,
导演,,,,,,,2.0
导火索,1.0,,,,,,
导致,9.0,,,,,,
射,,,,1.0,,,
将,36.0,3.0,6.0,2.0,3.0,5.0,1.0
将会,,,,,1.0,,
将领,,,3.0,,,,
尊重,1.0,,,,,,
小,1.0,1.0,,9.0,,,
小区,,,,4.0,,,
小叔子,,,,1.0,,,
小城,,2.0,,,,,
小声,,,,1.0,,,
小姨子,,,,1.0,,,
小婶,,,,1.0,,,
小媳妇,,,,1.0,,,
小学,3.0,,,,,,1.0
小学生,1.0,,,,,,
小幅,1.0,,,,,,
小张,,,,4.0,,,
小强,,,,3.0,,,
小时,2.0,,1.0,1.0,,,
小朋友,,,,3.0,,,
小村,1.0,,,,,,
小样,,,,3.0,,,
小爪,,,,3.0,,,
小猫,,1.0,,,,,
小玉,,1.0,,,,,
小盒,1.0,,,,,,
小米,3.0,,,,,,
小精灵,1.0,,,,,,
小而美,1.0,,,,,,
小规模,1.0,,,,,,
小说,,,,,,,1.0
小车,,,,3.0,,,
小镇,,,1.0,,,,
小鱼儿,,,,20.0,,,
少,,,,,,1.0,
少女,,1.0,,,,,
少数,3.0,,,,,,
少跑,,,,1.0,,,
尔,2.0,,,,,,
尔多,8.0,,3.0,,,,
尔斯,1.0,,,,,,
尔特,1.0,,,,,,
尔顿,1.0,,,,,,
尖锐,1.0,,,,,,
尘埃,,,,,,1.0,
尚,2.0,,1.0,,,,
尚未,1.0,,,,,,
尝试,1.0,,,,,,
尤为,,,,,,1.0,
尤其,2.0,,,1.0,,1.0,
就,18.0,,4.0,28.0,,3.0,4.0
就业,2.0,,,,,,
就任,3.0,,,,,,
就是,6.0,,,5.0,,1.0,
就此,,,1.0,,,,
就要,2.0,,,2.0,2.0,,
尼克,1.0,,,,,,
尼古拉斯,1.0,,,,,,
尼尔,1.0,,,,,,
尼斯,7.0,,2.0,,,,
尽可能,,,,,,,1.0
尽心尽力,1.0,,,,,,
尽快,,1.0,,,,,
尽管,4.0,,,,1.0,,
尾,1.0,,,,,,
局势,,,4.0,,,2.0,
局长,,,,4.0,,,
局面,1.0,,,,,,
层次,,,,,,1.0,
居,2.0,,,,,,
居伦,,,1.0,,,,
居住,1.0,,,,,,
居兰,,,1.0,,,,
居民,1.0,1.0,,,,,
居然,,,,3.0,,,
届,,,1.0,,,,
屌丝,,,,1.0,,,
屎,,,,3.0,,,
展开,2.0,,1.0,,,,
展望,,,2.0,,,,
展现,1.0,,,,,,
展示,1.0,,,3.0,,,
属于,2.0,,,,,,
屯里,,,,1.0,,,
山东,,,,,,1.0,
岁,4.0,6.0,,1.0,,,
岁月,,,,1.0,,,
岛,1.0,,,,,,
岛屿,1.0,,,,,,
峰会,,,1.0,,,,
峰值,,1.0,,,,,
崩溃,1.0,,,,,,
川,,1.0,,,,,
巡视,1.0,,,,,,
巡逻,,,5.0,,,,
工业,3.0,,,,,,
工业化,,,1.0,,,,
工人,1.0,,,,,,
工作,3.0,3.0,2.0,,,,
工作人员,,,1.0,,,,
工作岗位,1.0,,,,,,
工党,2.0,,,,,,
工商行政,1.0,,,,,,
工资,1.0,,,,,,
左右,1.0,1.0,,,,,
巨,,1.0,,,,,
巨亏,,,,,1.0,,
巨型客机,1.0,,,,,,
巨大,,,,,,1.0,
巨头,3.0,,,3.0,,,
巨鳄,,1.0,,,,,
巩固,1.0,,,,,,
差不多,,,,,,,1.0
差别,,,,,,2.0,
已,13.0,,7.0,,,3.0,
已向,,,,,,1.0,
已成,1.0,1.0,1.0,,,,
已有,,1.0,,,,,
已经,11.0,,1.0,,1.0,3.0,
已致,,,1.0,,,,
巴吞鲁日,,,1.0,,,,
巴基斯坦,,,1.0,,,,
巴士底,1.0,,,,,,
巴库,1.0,,,,,,
巴康迪,,,4.0,,,,
巴拉克,5.0,,,,,,
巴格达,1.0,,,,,,
巴苏,1.0,,,,,,
巴西,1.0,4.0,,,,,
巴顿,2.0,,,,,,
巴黎,8.0,,,,,,
市,,,1.0,,,,
市中心,1.0,,,,,,
市场,23.0,,2.0,,1.0,3.0,
市场经济,3.0,,,,,,
市政厅,1.0,,,,,,
市长,1.0,,,,,,
布,1.0,,,,,,
布勒,,1.0,,,,,
布局,,,,,1.0,,
布拉德,1.0,1.0,,,,,
布朗,2.0,,,,,,
布罗,1.0,,,,,,
布赖恩,1.0,,,,,,
布里斯托尔,1.0,,,,,,
布鲁塞尔,2.0,,,,,,
希克,1.0,,,,,,
希拉里,1.0,,,,,,
希斯,1.0,,,,,,
希望,6.0,,4.0,,,,
希腊,1.0,,,,,,
希贾布,1.0,,,,,,
帕克,5.0,,,,,,
帝国,2.0,,,,,,
带,4.0,,,7.0,,,
带到,,,,1.0,,,
带回,1.0,,,,,,
带有,,,,,,1.0,
带来,2.0,1.0,,,1.0,,
带给,1.0,,,,,,
带进,,,,,1.0,,
带领,1.0,,,,,,
席位,2.0,,,,,,
席子,,,,1.0,,,
帮,,,,,2.0,,
帮助,1.0,,,,,,
帮忙,1.0,,,,,,
常委,,,,,,1.0,
常年,1.0,,,,,,
常态,3.0,,,,,,
常见,,1.0,,,,,
常设,5.0,,,,,,
幕后,1.0,,1.0,,,,
幕后活动,1.0,,,,,,
干,1.0,,,,,,
干净,,,,3.0,,,
干涉,2.0,,,,,,
干预,,,,,1.0,1.0,
平价,1.0,,,,,,
平台,3.0,,,,,,
平均,,1.0,1.0,,,,
平民,,,1.0,,,,
平淡无奇,1.0,,,,,,
平稳,,,1.0,,,,
平衡,1.0,,,,,,
年,30.0,4.0,2.0,,,3.0,2.0
年代,2.0,,,,,,
年会,,,1.0,,,1.0,
年会时,,,1.0,,,,
年前,4.0,,,,1.0,,1.0
年底,1.0,,,,,,
年度,6.0,1.0,,,,,
年期,1.0,,,,,,
年来,,1.0,,,,,
年薪,,1.0,,,,,
年轻,1.0,,,,,1.0,
年里,1.0,,,,,,
年间,1.0,1.0,,,,,
并,17.0,1.0,5.0,1.0,,1.0,
并且,1.0,,,,1.0,,
并未,2.0,,,,,,
并称,1.0,,,,,,
并肩作战,1.0,,,,,,
并非,1.0,,,,,,
并非易事,1.0,,,,,,
幸运,1.0,,,,,,
幽默,,,,10.0,,,
广,1.0,,,,,,
广义,1.0,,,,,,
广告,5.0,,,,,,
广泛,1.0,,,,,,
广泛应用,,,,,1.0,,
庆祝,1.0,,,,,,
库克,1.0,,,,,,
库柏,1.0,,,,,,
应,2.0,1.0,3.0,,,1.0,
应对,2.0,1.0,,,,,
应当,1.0,,,,,,
应是,,,,,,1.0,
应有,,,1.0,,,,
应用,3.0,,,,18.0,,
应该,3.0,,,1.0,,,
应验,1.0,,,,,,
店铺,1.0,,,,,,
庞大,,1.0,,,,,
废弃,1.0,,,,,,
度假,1.0,1.0,,,,,
度过,,,,,,,1.0
度量,1.0,,,,,,
座,1.0,,,,,,
康河信,4.0,,,,,,
建中,,,3.0,,,,
建立,3.0,,1.0,,,1.0,
建筑,2.0,,,,,,
建筑物,1.0,,,,,,
建议,1.0,,,,1.0,,
建设,2.0,,,,,1.0,
开,2.0,,,1.0,,1.0,1.0
开个,,,,3.0,,,
开创,1.0,,,,,1.0,
开发,2.0,,,,,,
开发商,4.0,,,,,,
开台,,,,2.0,,,
开启,1.0,,,,,,
开头,,,,1.0,,,
开始,8.0,1.0,1.0,,1.0,3.0,
开展,1.0,,,,,,
开幕,,,3.0,,,,
开战,,,,1.0,,,
开支,2.0,,,,,,
开放,2.0,,,,,,
开明,1.0,,,,,,
开来,2.0,,,,,,
开罗,4.0,,,,,,
开脱,1.0,,,,,,
开车,,,,1.0,,,
开采,1.0,,,,,,
式,2.0,,,,,,
引,,1.0,,,,,
引发,6.0,,,,,,
引擎,1.0,,,,,,
引用,1.0,,,,,,
引起,2.0,,,,,,
引退,,1.0,,,,,
弗朗索瓦,1.0,,,,,,
张家口,,,,,,1.0,
张小彩,1.0,,,,,,
张永琪,,,,,,1.0,
张炜,3.0,,,,,,
张英杰,,,,,,1.0,
张茅,1.0,,,,,,
张高丽,1.0,,,,,,
弥漫,1.0,,,,,,
弱,1.0,,,,,,
弹劾,1.0,,,,,,
强大,1.0,,,,,,
强烈,2.0,,,,,,
强硬,1.0,,,,,,
强行,1.0,,,,,,
强调,2.0,,,,,,
归根结底,1.0,,,,,,
当,5.0,1.0,,,,,
当下,2.0,,,,,,
当之无愧,,,,,,1.0,
当今,1.0,,,,,,
当做,1.0,,,,,,
当初,1.0,,,,,,
当前,2.0,1.0,1.0,,,1.0,
当卡梅伦,1.0,,,,,,
当地,5.0,,7.0,,,,
当地政府,1.0,,,,,,
当天,1.0,,2.0,,,,
当奥萨马,1.0,,,,,,
当局,1.0,,,,,1.0,
当年,1.0,,,,,,
当成,,,,,,1.0,
当日,1.0,,,,,,
当时,2.0,,,3.0,1.0,,
当晚,,,1.0,,,,
当梅,1.0,,,,,,
当然,1.0,,,,,1.0,
录,,,,,,,1.0
录像,,2.0,,,,,
形容,1.0,,,,,,
形成,1.0,,,,,,
形象,2.0,,,,,,
彩票,,,,3.0,,,
影业,2.0,,,,,,
影业公司,1.0,,,,,,
影响,4.0,,3.0,,1.0,1.0,
彻底,2.0,,,,,,
往,,,,5.0,,,1.0
往往,3.0,,,,,,
征服,1.0,,,,,,
征求,1.0,,,,,,
征缴,,,,,,1.0,
待,1.0,,,,,,
很,4.0,1.0,2.0,5.0,1.0,2.0,2.0
很丑,1.0,,,,,,
很多,2.0,,,,,2.0,1.0
很大,1.0,,,,,1.0,
很快,,,,2.0,,1.0,
很棒,1.0,,,,,,
很酷,1.0,,,,,,
很难,1.0,,,,,,
徐才厚,,,,,,2.0,
得,3.0,,,1.0,,1.0,
得主,1.0,,,,,,
得偿,1.0,,,,,,
得出结论,1.0,,,,,,
得到,2.0,,3.0,,,,
循环,5.0,,,,,,
微,,,,,15.0,1.0,
微信,,,,,15.0,,2.0
微博,,,,,15.0,1.0,5.0
微弱,1.0,,,,,,
微控制器,,,,,1.0,,
微软,,,,,1.0,,
德,2.0,,,,,,
德国,3.0,,1.0,,,,
德国政府,,,1.0,,,,
德威尔,1.0,,,,,,
德尼,1.0,,,,,,
德曼,1.0,,,,,,
德洛斯,2.0,,,,,,
心底,,,,,1.0,,
心机,,,,1.0,,,
心病,,,,,,2.0,
必有,2.0,,,,,,
必然,1.0,,,,,,
必要措施,1.0,,,,,,
必须,1.0,,,,,1.0,
忌,1.0,,,,,,
忍气吞声,,1.0,,,,,
忍痛,1.0,,,,,,
志愿,,,,,,,1.0
忘年交,,,,1.0,,,
忠于,1.0,,,,,,
忧恐袭,,,1.0,,,,
快,,,,1.0,,,
快点,,,,4.0,,,
快讯,,,1.0,,,,
快速,,,,1.0,,,
快速通道,1.0,,,,,,
快餐,1.0,,,,,,
快餐厅,,,,,,1.0,
怀上,,,,1.0,,,
怀疑,2.0,,,,,,
态势,,,1.0,,,,
态度,3.0,,,,,1.0,
怎么,,,,4.0,,1.0,
怎么样,,,,3.0,,,
怎样,1.0,,,6.0,,,
怕,,,,2.0,,,
思略特,1.0,,,,,,
思维,,,,,,2.0,
思考,1.0,,,,,,1.0
急切,1.0,,,,,,
急升,1.0,,,,,,
急欲,,,,,,1.0,
急躁,1.0,,,,,,
性,1.0,,,,,,
性骚扰,2.0,,,,,,
怪事,,,,90.0,,,
总,1.0,,,,,,
总体,,,1.0,,,,
总共,14.0,,,,,,
总商会,,,1.0,,,,
总局,1.0,,,,,,
总局局长,1.0,,1.0,,,,
总理,3.0,,2.0,,,,
总监,1.0,,,,,,
总统,14.0,,8.0,,,,
总统府,1.0,,,,,,
总裁,1.0,,,,,,
总部,2.0,,,,,,
总量,1.0,,,,,,
恐怖,1.0,,,,,,
恐怖主义,1.0,,,,,,
恐怖袭击,1.0,,1.0,,,1.0,
恐袭,,,1.0,,,,
恢复,2.0,,5.0,,,,
恩伯勒,1.0,,,,,,
恩赐,,,,,,1.0,
恰勒什坎,,,1.0,,,,
恶劣,,,,,,1.0,
恶名,,1.0,,,,,
悉尼,,1.0,1.0,,,,
您,,,,21.0,,,
您好,,,,1.0,,,
悬殊,,,,,,1.0,
悲剧,2.0,,,,,1.0,
情人节,,,,3.0,,,
情况,4.0,1.0,,,,,1.0
情商,,,,2.0,,,
情报,1.0,,,,,,
情报部门,1.0,,,,,,
情绪,3.0,,,,,,
惊奇,1.0,,,,,,
惊慌失措,,,,1.0,,,
惊讶,2.0,,,,,,
惊魂,1.0,,,,,,
惟其,,,,,,1.0,
惟恐,,1.0,,,,,
惠美子,2.0,,,,,,
惧,1.0,,,,,,
惨案,1.0,,,,,,
惨淡,1.0,,,,,,
惨痛教训,1.0,,,,,,
想,6.0,,,7.0,3.0,,1.0
想法,1.0,,,,,,1.0
想象,2.0,,,,,,
想起,1.0,,,,,,
惹,,,,1.0,,,
愈发,1.0,,,,,,
意义,,,2.0,,,,
意味,1.0,,,,,,
意味着,2.0,,,,,,
意图,,,,,2.0,,
意在,1.0,,,,,,
意外,2.0,,,,,,
意大利,1.0,2.0,,,,,
意思,1.0,,,6.0,,,
意见,1.0,,,,,,
意见分歧,1.0,,,,,,
意识,1.0,,,,,1.0,
意识形态,1.0,,,,,,
愕然,1.0,,,,,,
感,,,,1.0,,,
感到,4.0,1.0,2.0,,,,
感到高兴,,,4.0,,,,
感受,1.0,,,3.0,,,
感想,,,,,,,1.0
感觉,1.0,,,2.0,,,
愤怒,2.0,,,,,,
愤懑,1.0,,,,,,
愿,,1.0,2.0,,,,
愿意,3.0,,,,,,
慢慢,1.0,,,,,,
慧眼,,,2.0,,,,
懂,,2.0,,1.0,,,
懂事,,,,1.0,,,
懒猫,,,,1.0,,,
懵,,,,3.0,,,
戈夫,2.0,,,,,,
戈登,1.0,,,,,,
戏剧性,1.0,,,,,,
成,4.0,2.0,,,,2.0,1.0
成为,14.0,2.0,2.0,1.0,2.0,1.0,
成交,1.0,,,,,,
成交价,,,,,,1.0,
成人,,,,6.0,,,
成具,1.0,,,,,,
成分,,2.0,,,,,
成功,1.0,,,2.0,2.0,,
成千上万,1.0,,,,,,
成员,1.0,,1.0,,,,
成就,,,,,,1.0,
成果,,,1.0,,,,
成熟,,,,,,1.0,
成瘾,,1.0,,,,,
成立,2.0,,,,,,
成绩,1.0,,,,,,1.0
成都,,,,,,,1.0
成钢,,,,,,4.0,
成长,3.0,,,,,,
我,16.0,,1.0,53.0,3.0,,16.0
我们,15.0,,4.0,3.0,2.0,2.0,2.0
我会,1.0,,,,,,
我国,,,,,,,1.0
我妈,,,,1.0,,,
我存,,,,1.0,,,
我愿,,,1.0,,,,
我淡定,,,,1.0,,,
我爸,,,,1.0,,,
戒备森严,,,1.0,,,,
或,6.0,3.0,,,2.0,,
或多或少,,,,,1.0,,
或者说,1.0,,,,,,
或许,5.0,,,,1.0,,
战争,1.0,,,,,,
战后,1.0,,,,,,
战场,,,,,,1.0,
战士,1.0,,,,,,
战斗,1.0,,,,,,
战术,1.0,,,,,,
战机,,,6.0,,,,
战略,4.0,,1.0,,1.0,,
战略伙伴,,,2.0,,,,
战略性,1.0,,,,,,
战端,1.0,,,,,,
截至,1.0,,1.0,,,,
戴,2.0,,,,,,
戴维,7.0,,,,,,
戴高乐,1.0,,,,,,
房产,3.0,,,,,,
房价,1.0,,,,,1.0,
房企,,,,,,1.0,
房地产,4.0,,,,,,
所,12.0,,,,2.0,1.0,
所以,,,,,,1.0,
所作,1.0,,,,,,
所在,1.0,,,,,,
所愿,1.0,,,,,,
所有,2.0,1.0,,,,,1.0
所有人,,,,,1.0,1.0,
所致,,,,,,1.0,
所谓,1.0,1.0,7.0,,,,
手,,,,1.0,,,
手中,3.0,,,,,,
手持,,1.0,,,,,
手机,1.0,5.0,,8.0,1.0,,
才,1.0,,,1.0,1.0,,
才能,,,,,,1.0,
扑,1.0,,,1.0,,,
打,,,,5.0,,,
打仗,,,,1.0,,,
打击,1.0,,,,,,
打压,1.0,,,,,,
打工,1.0,,,,,,
打死,,,,,,1.0,
打电话,,,,1.0,,,
打磨,,,2.0,,,,
打算,1.0,,,,,,
打群架,,,2.0,,,,
打脸,,,,1.0,,,
打造,1.0,,,,,,
打遍,,,,1.0,,,
打钱,,,,1.0,,,
扛,,,,1.0,,,
执,,,,,,1.0,
执勤,,,1.0,,,,
执政,3.0,,,,,,
执政党,,,,,,1.0,
执教,1.0,,,,,,
执法人员,1.0,,,,,,
执行,1.0,1.0,1.0,,,,
执行官,1.0,,,,,,
扩大,,,1.0,,,,
扩张,2.0,,,,,,
扫兴,,,,,,,1.0
扬,,1.0,,,,,
扮演,,,,,1.0,,
批准逮捕,,,1.0,,,,
找,1.0,,,4.0,,1.0,
找些,1.0,,,,,,
找到,1.0,,,,,1.0,
承认,3.0,,1.0,,,,
承诺,8.0,,,,,,
技,,,,,,1.0,
技术,3.0,,,3.0,2.0,,
技能,,,,,,1.0,
把,15.0,,,10.0,2.0,1.0,1.0
抑制,1.0,,,,,,
抓,,,,1.0,,,
抓住,,,,,,1.0,
抓小偷,,,,3.0,,,
投入,2.0,,,,,,
投机分子,1.0,,,,,,
投票,1.0,,,,,,
投稿,,,,110.0,,,
投资,12.0,,1.0,,2.0,,
投资者,7.0,,,,,,
抖,,,,2.0,,,
抗衡,1.0,,,,,,
抗议,10.0,,,,,,
抗议者,1.0,,,,,,
抚养,,,,,,1.0,
抚养费,,,,,,3.0,
抢夺,,,1.0,,,,
抢购,1.0,,,,,,
护卫,1.0,,,,,,
报价,3.0,,,,,,
报告,3.0,,1.0,,,1.0,
报复,2.0,,,,,,
报纸,1.0,,,,,,
报道,51.0,,17.0,,2.0,,
抨击,2.0,,,,,,
披个,,,,,1.0,,
抬,,,,,,1.0,
抱,1.0,,,1.0,,,
抵制,1.0,,,,,,
抵抗,1.0,,,,,,
抵消,1.0,,,,,,
抵达,1.0,,,,,,
押注,2.0,,,,,,
抽象概念,1.0,,,,,,
担任,1.0,2.0,,,,,
担忧,3.0,,,,,,
拆分,3.0,,,,,,
拉,1.0,,,4.0,,,
拉丁语,1.0,,,,,,
拉尼,,,1.0,,,,
拉比亚,,,2.0,,,,
拉汗,1.0,,,,,,
拉美,1.0,,,,,,
拍卖,2.0,,,,,,
拍拖,,1.0,,,,,
拍照,1.0,,,,,,
拒绝,1.0,,,,,,
拒绝接受,1.0,,,,,,
拖,,,,,,1.0,
拖累,1.0,,,,,,
拘押,,1.0,3.0,,,,
招生,,,,,,1.0,
招致,1.0,,,,,,
招远,,,,,,1.0,
拥有,3.0,,,,,,
拦截,3.0,,,,,,
拨通,,,,1.0,,,
拯救,,1.0,,,,,
拿,,,,4.0,,,
持,2.0,,,,,,
持平,1.0,,,,,,
持有,2.0,,,,,,
持枪,,1.0,,,,,
持续,3.0,,,,,1.0,
指,,1.0,,,,1.0,
指为,,,1.0,,,,
指出,2.0,1.0,,,,,
指南,1.0,,,,,,
指导,2.0,,,,,1.0,
指控,2.0,,,,,,
指望,,,,1.0,,,
指甲,,,,3.0,,,
指责,1.0,,,,,,
按,2.0,,,,,,
挑战,1.0,,,,,,
挑起,1.0,,,,,,
挖出,,1.0,,,,,
挖掘,1.0,,,,,,
挫败,1.0,,2.0,,,,
振奋,1.0,,,,,,
挺,,,,11.0,,,
捆绑,,,,,,1.0,
捉,1.0,,,,,,
捍卫,,,1.0,,,,
捐,,,,,,,1.0
捐赠,,1.0,,,,,
捕捞,1.0,,,,,,
损,,1.0,,,,,
捡,,1.0,,,,,
换个,,,,3.0,,,
换换,1.0,,,,,,
据,7.0,,15.0,,2.0,,
据称,1.0,,,,,,
据说,,,,1.0,,,
掀,,1.0,,,,,
掀起,,1.0,,,1.0,,
授予,1.0,,,,,,
掌控,,,1.0,,,,
掌柜,1.0,,,,,,
排在队,1.0,,,,,,
排行榜,1.0,,,,,,
探寻,,1.0,,,,,
探索,1.0,,,,,,
接,1.0,,,,,,
接到,1.0,,,,,,
接受,1.0,,2.0,,1.0,1.0,
接待,1.0,,,,,,
接替,1.0,,,,,,
接电话,,,,3.0,,,
接盘,,,,,,1.0,
接着,4.0,,,,,,
接触,,1.0,,,,,
接连,1.0,,2.0,,,,
控制,4.0,,2.0,,,,
控股公司,1.0,,,,,,
推出,4.0,,,,,1.0,
推动,4.0,,4.0,,,,
推向,2.0,,,,,,
推定,1.0,,,,,,
推广,,,,,1.0,,
推算,,1.0,,,,,
推翻,1.0,,,,,,
推荐,1.0,,,,,,
推行,1.0,,,,,,
推进,1.0,,2.0,,,,
推进改革,,,,,,1.0,
推迟,1.0,,,,,,
描述,5.0,,,,,1.0,
提交,1.0,,,,,,
提供,7.0,,1.0,20.0,,,
提其,1.0,,,,,,
提出,5.0,,,,,1.0,
提到,1.0,,,,,,
提前结束,1.0,,,,,,
提升,,,1.0,,,,
提及,1.0,,,,,,
提名,,,1.0,,,,
提振,1.0,,,,,,
提示,,,,,,3.0,
提议,1.0,,,,,,
提起,6.0,,,,,,
提醒,,,,,,,1.0
提问,1.0,,1.0,,,,
提高,4.0,,,,,,
插到,1.0,,,,,,
插座,2.0,,,,,,
握手,,,,,,1.0,
揭晓,1.0,,,,1.0,,
援引,,,1.0,,,,
搁置,1.0,,,,,,
搅局,,,1.0,,,,
搜查,1.0,,,,,,
搜索,2.0,,,,,,
搞,,,,3.0,,,
搞笑,,,,405.0,,,
搬家,2.0,,,,,,
搬迁,1.0,,,,,,
搭讪,,,,3.0,,,
携,1.0,,,,,,
携带,,1.0,,,,,
摄影师,1.0,,,,,,
摆渡,,,,1.0,,,
摘,,,,1.0,,,
摘瓜,,,,1.0,,,
摩尔,1.0,,,,,,
摩托艇,1.0,,,,,,
摩苏尔,1.0,,,,,,
撒,1.0,,,,,,
撒切尔,1.0,,,,,,
撕裂,1.0,,,,,,
撞入,2.0,,,,,,
撞击力,,1.0,,,,,
撩,,,,3.0,,,
播出,1.0,,,,,,
撰写,1.0,,,,,,
撰文,1.0,,,,,,
撰稿,17.0,,,,,,
支出,1.0,,,,,,
支持,2.0,,4.0,20.0,,,
支持者,1.0,,,,,,
收买,1.0,,,,,,
收到,,,2.0,,,,1.0
收复,1.0,,,,,,
收拾,,,,1.0,,,
收益,,,,,,1.0,
收益率,3.0,,,,,,
收盘价,,,,,1.0,,
收紧,1.0,,,,,,
收购,4.0,,,,6.0,,
收起,1.0,,,,,,
改变,2.0,,,,5.0,,
改编,,,,,,,2.0
改革,2.0,,4.0,,,2.0,
攻击,1.0,,1.0,,,,
攻势,2.0,,,,,,
放在,1.0,,,,,,
放弃,1.0,,,,,,
放缓,10.0,,,,,,
放血,1.0,,,,,,
放贷,1.0,,,,,,
放进去,,,,1.0,,,
政,1.0,,,,,,
政党,1.0,,,,,,
政变,6.0,,5.0,,,,
政坛,3.0,,,,,,
政客,1.0,,,,,,
政府,9.0,,5.0,,,5.0,
政治,8.0,,2.0,,,3.0,
政治气候,1.0,,,,,,
政界,1.0,,,,,,
政界人士,2.0,,,,,,
政策,6.0,,,,,1.0,
故事,,,,3.0,,,1.0
故意,,,,,1.0,,
效仿,1.0,,,,,,
效力,1.0,,,,,,
效应,1.0,,,,,,
效果,1.0,,,,,,
效率,1.0,,,,,,
效用,1.0,,,,,,
敌人,1.0,,,,,,
敌意,1.0,,,,,,
敏感,2.0,,,,,,
敏锐,1.0,,,,,,
救灾,,,,,,,2.0
教学,,,,,1.0,,
教学方法,1.0,,,,,,
教学法,2.0,,,,,,
教师,1.0,,,,,1.0,
教授,2.0,1.0,,,1.0,,
教育,,,,,,5.0,
敞开,,1.0,,,,,
散步,,2.0,,,,,
敦促,2.0,,,,,,
敬意,1.0,,,,,,
数个,,1.0,,,,,
数十亿美元,1.0,,,,,,
数千名,2.0,,,,,,
数名,,,2.0,,,,
数在,,,,,,,1.0
数学,3.0,,,,,,1.0
数学课,1.0,,,,,,1.0
数据,12.0,,,,,1.0,
数百万,1.0,,,,,,
数量,6.0,2.0,,,,,
整个,2.0,,,,1.0,3.0,
整体,2.0,,,,,,
整修,1.0,,,,,,
文件,,,,,,1.0,
文化,1.0,,,,,,
文字,1.0,,,,,,
文文,1.0,,,,,,
文明,,,,,,2.0,
文章,2.0,,,,,,
文龙,,,1.0,,,,
斑马线,,,,1.0,,,
斗篷,,,,,2.0,,
斥资,2.0,,,,,,
断供,,,,,,1.0,
断定,1.0,,,,,,
斯,3.0,,,,,,
斯卡伯勒,3.0,,,,,,
斯坦福,,,,,1.0,,
斯汀,,2.0,,,,,
斯特劳斯,1.0,,,,,,
斯特恩,1.0,,,,,,
斯科,,1.0,,,,,
斯蒂格利茨,1.0,,,,,,
斯蒂芬斯,1.0,,,,,,
新,18.0,,3.0,3.0,2.0,5.0,
新一轮,1.0,,,,,,
新任,3.0,,,,,,
新兴,1.0,,,,,,
新加坡,2.0,,7.0,,,,
新华社,,,14.0,,,2.0,
新华网,,,1.0,,,,
新增,2.0,,,,,,
新婚夫妇,,1.0,,,,,
新年,,,,,,,1.0
新政府,1.0,,,,,,
新教材,1.0,,,,,,
新旧,1.0,,,,,,
新浪,,,,,15.0,,10.0
新版,,,,,1.0,,
新纪录,1.0,,,,,,
新罕布什尔州,1.0,,,,,,
新酷,,,,,15.0,,
新长征,1.0,,,,,,
新闻,,,1.0,,,,
新闻媒体,1.0,,,,,,
新闻社,,,1.0,,,,
新闻联播,,,2.0,,,,
方向,1.0,,,,1.0,,
方式,3.0,,,,,1.0,
方形,1.0,,,,,,
方法,,,,3.0,,,
方针政策,,,,,,1.0,
方面,5.0,,,,2.0,,
施暴,,,,,,1.0,
旁,1.0,,,,,,
旁边,1.0,,,,,,
旅客,,,,,,1.0,
旅游,4.0,,,,,,
旅游业,1.0,,,,,,
旅游指南,1.0,,,,,,
旗下,1.0,,,,,,
无,,1.0,2.0,,,,
无所畏惧,1.0,,,,,,
无故障,,,,,,1.0,
无效,,,1.0,,,,
无敌手,,,,1.0,,,
无法,3.0,,,20.0,,,
无疑,,,,,,1.0,
无视,1.0,,,,,,
无论是,1.0,,,,,,
既,1.0,,,,,,
日,13.0,2.0,31.0,,,3.0,2.0
日元,5.0,,,,,,
日前,,,2.0,,,1.0,
日后,1.0,,,,,,
日夜,,,1.0,,,,
日子,1.0,,,,1.0,,
日日,,1.0,,,,,
日晚,,,1.0,,,,
日本,15.0,12.0,1.0,,,2.0,
日本央行,1.0,,,,,,
日本政府,,1.0,,,,,
日电,,,12.0,,,,
日经指数,1.0,,,,,,
日记,,2.0,,12.0,,,
日高,,1.0,,,,,
旧,,1.0,,,,,
旧金山,1.0,,,,,,
旨在,1.0,,,,,,
早,2.0,,,,2.0,,1.0
早上,1.0,,,,,,
早些时候,1.0,,,,,,
早就,,,,,,,1.0
早已,1.0,,,,,,
早晨,1.0,,1.0,,,,
早饭,,,,1.0,,,
时,11.0,3.0,4.0,,,,
时不时,,,,1.0,,,1.0
时代,2.0,,,,3.0,,
时候,7.0,,,8.0,,1.0,1.0
时刻,1.0,,,,,,
时尚,1.0,,,,,,
时惊,,1.0,,,,,
时日,,,,,,1.0,
时期,3.0,,,,,1.0,
时说,,,1.0,,,,
时间,5.0,2.0,8.0,,1.0,3.0,
昆明,2.0,,,,,1.0,
明尼苏达州,1.0,,,,,,
明星,1.0,,,,,,
明显,5.0,,,,,,
明白,,,,1.0,,,
易威登,1.0,,,,,,
星,,,,1.0,,,
星人,,,,3.0,,,
星球大战,,,,,2.0,,
星际,,,,,1.0,,
春,,,1.0,,,,
春天,1.0,,,1.0,1.0,,
春节,1.0,,,,,,
昨儿,,,,1.0,,,
昨天,1.0,,,2.0,,,
昨天上午,1.0,,,,,,
昨日,2.0,,,,,,
昨晚,,,,2.0,,,
昭著,,1.0,,,,,
是,75.0,1.0,5.0,34.0,9.0,17.0,6.0
是不是,,,,3.0,,,
是否,4.0,,1.0,,,,1.0
显得,,,,3.0,,,
显然,1.0,,,,,,
显示,8.0,2.0,,,,1.0,
显而易见,2.0,,,,,,
晒,,,,,,1.0,
晚,,,1.0,,,,
晚上,2.0,,,2.0,,,
晚些时候,1.0,,,,,,
晚间,3.0,,2.0,,,,
普,5.0,,,,,,
普华永道,1.0,,,,,,
普通,,,,,,1.0,
普遍认为,,,1.0,,,,
智库,,,2.0,,,,
智能,1.0,,,,,,
智能手机,4.0,,,,,,
暂停,1.0,,,,,,
暂获,1.0,,,,,,
暑假,,,,1.0,,,
暗杀,1.0,,,,,,
暴力,,,,,,1.0,
暴力事件,,1.0,,,,,
暴力犯罪,,,,,,1.0,
暴跌,2.0,,,,,,
曝光,,,,,1.0,,
曲奇饼,1.0,,,,,,
更,15.0,,,,1.0,2.0,
更为,1.0,,,,,,
更加,3.0,,,,,,
更大,1.0,,1.0,,,,
更好,,,,,1.0,,
更改,,,,,1.0,,
更是,,,,,,1.0,
曼森,,1.0,,,,,
曼谷,1.0,,,,,,
曾,5.0,,,,2.0,2.0,
曾一度,1.0,,,,,,
曾经,1.0,,,,,,
替,1.0,,,,,,
替代,1.0,,,,,,
最,15.0,1.0,,,2.0,1.0,
最为,1.0,,,,,,
最佳,,2.0,,,,,
最先,1.0,,,,,,
最受,2.0,,,,,,
最后,2.0,,,1.0,,1.0,
最大,8.0,1.0,,,,,
最好,5.0,,,,,,
最差,1.0,,,,,,
最快,1.0,,,1.0,,,
最新,4.0,,,,,,
最新进展,1.0,,,,,,
最终,4.0,,2.0,,,,
最能体现,,,,1.0,,,
最近,,,,,1.0,2.0,
最远,,,,,,1.0,
最长,,,,,,1.0,
最高,1.0,,,,,,
最高点,1.0,,,,,,
月,24.0,1.0,25.0,1.0,,2.0,3.0
月份,4.0,,,,,,
月均,2.0,,,,,,
月底,2.0,,,,,,
有,40.0,7.0,4.0,16.0,3.0,7.0,3.0
有个,,,,1.0,,,
有些,3.0,,,,,,
有人,2.0,1.0,1.0,,,,
有何,1.0,,2.0,,,,
有关,1.0,,2.0,,,1.0,
有力,1.0,,,,,,
有史以来,1.0,,,,,,
有喜,,,,1.0,,,
有所,3.0,,,,,,
有损,1.0,,,,,,
有效,1.0,,,,,,
有权,1.0,,,,,,
有趣,,,,,1.0,,
有钱人,,,,3.0,,,
有限,1.0,,,,,,
有限公司,2.0,,,,,,
朋友,2.0,,,2.0,,1.0,5.0
服务,3.0,,1.0,,,,
服务器,2.0,,,,,,
朗德,1.0,,1.0,,,,
朗格,1.0,,,,,,
望,,,1.0,,,,
望洋,,,,,,,1.0
期,,,,,,6.0,
期待,1.0,,,,,1.0,
期待已久,1.0,,,,,,
期间,2.0,,,,,,
木有,,,,1.0,,,
未,,1.0,,,,,
未曾,2.0,,,,,,
未来,2.0,,,,4.0,,
未能,3.0,,,,,,
未遂,,,3.0,,,,
未遂政变,2.0,,,,,,
本,1.0,,,,,,
本世纪初,1.0,,,,,,
本书,1.0,,,,,,
本人,1.0,,,,,,
本周,2.0,,1.0,,,,
本季度,1.0,,,,,,
本届,1.0,,,,,,
本意,1.0,,,,,,
本拉登,2.0,,,,,,
本文,1.0,,,,,,
本来,2.0,,,,,,
本科生,1.0,,,,,,
本身,1.0,,,,,,
朱丽,1.0,,,,,,
朱迪思,1.0,,,,,,
机上,1.0,,,,,,
机会,5.0,,,,,,
机关,1.0,,,,,,
机制,1.0,,,,,,
机器人,1.0,,,,,,
机场,3.0,,2.0,,,,
机构,3.0,1.0,1.0,,,,
机票,1.0,,,,,,
杀,1.0,,,1.0,,,
杀人犯,,1.0,,,,,
杀害,1.0,1.0,,,,,
杀手,,1.0,,,,,
杀死,2.0,,,,,,
杀猪刀,,,,1.0,,,
杂音,,,2.0,,,,
权力,,,,,,1.0,
李江为,1.0,,,,,,
杜特,1.0,,,,,,
杜阿拉,1.0,,,,,,
条,15.0,,,,,1.0,
条件,1.0,,,,,,
条例,,1.0,,,,,
来,8.0,,,2.0,2.0,2.0,3.0
来到,1.0,,,,,,
来源,1.0,,,,,1.0,
来源国,3.0,,,,,,
来看,2.0,,,,,,
来自,2.0,,,,4.0,1.0,
来说,3.0,,,,,,
来辩,,,,3.0,,,
杨洁篪,,,3.0,,,,
杨缘,1.0,,,,,,
杭州,,,,,,2.0,
杰,,,1.0,,,,
杰克,1.0,,,,,,
杰出,1.0,,,,,,
杰夫,2.0,,,,,,
杰弗里,1.0,,,,,,
杰里米,1.0,,,,,,
极其,,,,,,1.0,
极左派,1.0,,,,,,
极慢,,,,1.0,,,
极端主义,1.0,,,,,,
构思,,,,,,,1.0
林,1.0,,,,,,
林奇,1.0,,,,,,
林艳,2.0,,,,,,
林赛,1.0,,,,,,
果然,,,,1.0,,,
枪击,2.0,,,,,,
枪击案,,,1.0,,,,
枪声,1.0,,1.0,,,,
枪手,2.0,,,,,,
枪支,1.0,,,,,,
枪杀,4.0,,,,,,
架,1.0,,,,,,
架降,1.0,,,,,,
架飞机,2.0,,,,,,
某国,,,1.0,,,,
某宝,,,,3.0,,,
某种程度,1.0,,,,,,
查尔斯,2.0,,,,,,
查查,1.0,,,,,,
查看,,,,,15.0,20.0,10.0
查询,,1.0,,,,,
柯达,1.0,,,,,,
标准,,,1.0,,,,
标出,1.0,,,,,,
标尺,1.0,,,,,,
标志,1.0,,,,,2.0,
标志性,,,,,,1.0,
标杆,1.0,,,,,,
标签,,1.0,,,,,
标题,,,1.0,,,,
校园,,1.0,,,,,
校长,,,,,,1.0,
样子,1.0,,,,,,
核心,4.0,,,,,4.0,
核电,2.0,,,,,,
根据,4.0,1.0,,,,,2.0
根本,2.0,,,,,,
根源,1.0,,,,,,
格式,,,,20.0,,,
格林威治,,,1.0,,,,
格法,1.0,,,,,,
格鲁姆,1.0,,,,,,
框架,,,1.0,,,,
案,5.0,,6.0,,,1.0,
案件,2.0,,,,,,
案例,2.0,,,,,,
案后,,,2.0,,,,
案是,,,1.0,,,,
案致,,,1.0,,,,
桑晓霓,2.0,,,,,,
桑顿,1.0,,,,,,
桥梁,,1.0,,,,,
梅,5.0,,1.0,,,,
梅于,2.0,,,,,,
梅在,1.0,,,,,,
梅尔特,1.0,,,,,,
梅杰,1.0,,,,,,
梦,1.0,,,,,,
梦到,,,,2.0,,,
梦想,1.0,,,,3.0,,
梳理,,,,,,1.0,
检查,1.0,,,,,,
检查站,,,1.0,,,,
检验,1.0,,,,,2.0,
棋逢对手,,,,1.0,,,
棋霸,,,,1.0,,,
棘手,1.0,,,,,,
棚内,,,,1.0,,,
森,2.0,,,,,,
椅,,2.0,,,,,
植须,,2.0,,,,,
楷模,1.0,,,,,,
楼主,,,,2.0,,,
楼市,1.0,,,,,,
楼房,,,1.0,,,,
概括,,,,,1.0,,
槛,,,,,,1.0,
模式,1.0,,,,,,
模拟,,,,,1.0,,
次,1.0,,,,,,
次数,2.0,,,,,,
次日,1.0,,,,,,1.0
欢迎,,,,,15.0,,
欣泰,2.0,,,,,,
欧,,,1.0,,,,
欧亚,1.0,,,,,,
欧元区,1.0,,,,,,
欧前,1.0,,,,,,
欧方,1.0,,,,,,
欧洲,11.0,,1.0,,,,
欧洲杯,1.0,,,,,,
欧派,1.0,,,,,,
欧盟,6.0,,2.0,,,,
欧盟委员会,1.0,,,,,,
欲,,1.0,,,,,
欺诈,1.0,,,,,,
款,1.0,,,,1.0,,
歌星,1.0,,,,,,
歌曲,,,,6.0,,,
正,7.0,,1.0,,,,
正哄,,,,1.0,,,
正在,11.0,,4.0,,,,
正如,1.0,,,,,,
正定,,,,,,1.0,
正常,2.0,1.0,,,,,
正式,2.0,,,,,1.0,
正握,1.0,,,,,,
正是,1.0,,,,,,
正确,2.0,,,,,,
正经,,,,3.0,,,
正面,,,,,1.0,,
此,1.0,,,,,,
此举,1.0,,,,,,
此事,1.0,,,,,,
此前,2.0,,1.0,,1.0,,
此处,1.0,,,,,,
此外,2.0,,,,,,
此文,1.0,,,,,,
此时,,,,,1.0,,
此次,3.0,,,,,,
此言,1.0,,,,,,
此话,1.0,,,,,,
步入,1.0,,,,,,
武力,1.0,,,,,,
武器,,1.0,,,,,
武官,,,4.0,,,,
武断,,,,,,1.0,
武装,,,1.0,,,,
武装人员,,,3.0,,,,
武装力量,1.0,,,,,,
歪,,,,2.0,,,
死,1.0,,,6.0,,,
死亡,2.0,3.0,4.0,,,,
死伤,,,1.0,,,,
死刑,1.0,2.0,2.0,,,,
死去,1.0,,,,,,
死狗,,,,1.0,,,
死鸟,,1.0,,,,,
殆尽,1.0,,,,,,
残忍,1.0,,,,,,
残暴,,1.0,,,,,
残骸,,,,,,1.0,
段子,,,,2.0,,,
毁掉,1.0,,,,,,
毅然,1.0,,,,,,
母公司,1.0,,,,,,
每,1.0,,1.0,,,,
每个,1.0,,,,2.0,,
每人,,,1.0,1.0,,,
每吨,1.0,,,,,,
每天,,3.0,,,,,
每当,,,,1.0,,,
每日,1.0,,,,,,
毒品,,1.0,,,,,
毒瘤,,,1.0,,,,
比,3.0,,,1.0,1.0,,
比伯,,1.0,,,,,
比伯遭,,1.0,,,,,
比利,1.0,,,,,,
比如,2.0,,,,1.0,1.0,
比得上,1.0,,,,,,
比斯,2.0,,,,,,
比纳利,1.0,,,,,,
比赛,1.0,,,,,,
比起,,,,,,1.0,
比重,1.0,,,,,,
毕业,,,,3.0,,,
毕竟,3.0,,,,1.0,,
毛毛虫,,2.0,,,,,
毛雅珊,,,1.0,,,,
民主,3.0,,,,,,
民众,,,2.0,,,,
民族主义,1.0,,,,,,
民粹主义,1.0,,,,,,
民营企业,1.0,,,,,,
民间,1.0,,,,,,
气定神闲,,,,1.0,,,
气愤,,,,1.0,,,
气概,,,,1.0,,,
水,,,,3.0,,,
水上,1.0,,,,,,
水下,,,,,,4.0,
水平,2.0,,,,,,
水晶,,1.0,,,,,
水晶宫,2.0,,,,,,
水深,,,,,,1.0,
水电,1.0,,,,,,
永年,,,1.0,,,,
求,,,,3.0,,,
求助,2.0,,,,,,
汇合,,,,,,,1.0
汉克,1.0,,,,,,
汉堡,1.0,,,,,,
汉子,,,,1.0,,,
汪星,,,,3.0,,,
汶川,,,,,,,1.0
汹涌,1.0,,,,,,
汽车,1.0,,,,1.0,,
沃尔夫,1.0,,,,,,
沃特斯,1.0,,,,,,
沈建光,1.0,,,,,,
沉重,1.0,,,,,,
沉默,1.0,,,,,,
沙特,,,4.0,,,,
沙特阿拉伯,,,1.0,,,,
沙萨尼,2.0,,,,,,
沟通,1.0,,,,,,
没,1.0,,,2.0,,,
没事,,,,1.0,,,
没想到,1.0,,,,,,
没收,,,,1.0,,,
没有,11.0,1.0,,6.0,1.0,7.0,1.0
没票,,,,1.0,,,
河流,1.0,,,,,,
治安,,,,,,1.0,
沿岸,,1.0,,,,,
泄愤,1.0,,,,,,
法,,3.0,,,,,
法办,,,,,,1.0,
法国,18.0,,5.0,,,,
法国国民议会,1.0,,,,,,
法官,1.0,,,,,,
法尔,1.0,,,,,,
法庭,1.0,,,,,,
法律,2.0,,,,,,
法律依据,2.0,,,,,,
法治,,,,,,4.0,
法眼,,,,,,1.0,
法赫德,,,1.0,,,,
法院,5.0,1.0,1.0,,,,
泡影,,,,,,1.0,
泡泡糖,,,,3.0,,,
泡面,,,,3.0,,,
波及,1.0,,,,,,
波及面,1.0,,,,,,
波折,1.0,,,,,,
波格,1.0,,,,,,
注,1.0,,,,,,
注入,1.0,,,,,,
注定,1.0,,,,,,
注射,,2.0,,,,,
注意,1.0,,1.0,,,,
注资,1.0,,,,,,
注重,1.0,,,,,,
泰勒,,1.0,,,,,
泰国,,,,,,,2.0
泰记,,,,,,,1.0
泱泱大国,,,,1.0,,,
活,,2.0,,,,,
活动,2.0,,1.0,,,,
活活,,,,,,1.0,
派对,1.0,,,,,,
派拉蒙,2.0,,,,,,
派系,1.0,,,,,,
流传,,,,,,1.0,
流入,1.0,,,,,,
流向,,,1.0,,,,
流沙,,,,,,,1.0
流行,1.0,,,,,,
浅滩,3.0,,,,,,
测试,,1.0,,,,2.0,
浏览,1.0,,,,,,
浑浑噩噩,,,,,,,1.0
浓,,,,,,1.0,
浦江,2.0,,,,,,
浩如烟海,1.0,,,,,,
浪潮,1.0,,,,,,
浪费,1.0,,,,,,
浪费资源,,,,3.0,,,
浮动,1.0,,,,,,
浴缸,,2.0,,,,,
海上,1.0,,,,,,
海域,2.0,,,,,2.0,
海外,4.0,,3.0,,,,
海岸,1.0,,,,,,
海洋权益,,,1.0,,,,
海洋法,3.0,,,,,,
海淀区,1.0,,,,,,
海滨,1.0,,,,,,
海滩,,1.0,,,,,
海燕,1.0,,,,,3.0,
海牙,7.0,,,,,,
海面,1.0,,,,,,
海鸟,,1.0,,,,,
消化,1.0,,,,,,
消失,1.0,,,,,,
消息,3.0,,5.0,,3.0,1.0,2.0
消耗,1.0,,,,,,
消费,1.0,,2.0,,,,
消费者,2.0,,,,,,
涉,,,1.0,,,,
涉嫌,,,3.0,,,,
涉足,1.0,,,,,,
涌入,3.0,,,,,,
涨,,,,6.0,,,
涨声,1.0,,,,,,
深入,,,1.0,,,,
深入分析,1.0,,,,,,
深刻,4.0,,,,,,
深化,,,1.0,,,,
深圳,2.0,,,,,,
深埋,,,,,1.0,,
深夜,,,,,2.0,,
深度,1.0,,,,,,
深海,,,,,,1.0,
深者,,,,,1.0,,
深远影响,1.0,,,,,,
混乱,1.0,,,,,,
淹没,,,,,,,1.0
添加,1.0,,,,,,
添彩,,,,,,1.0,
清晰,,,,1.0,,,
清楚,2.0,,1.0,,,,
清洁,,,,,1.0,,
清洗,2.0,,,,,,
清风,,,2.0,,,,
渐渐,,,,1.0,,,
渔业资源,1.0,,,,,,
渔夫,1.0,,,,,,
渔网,1.0,,,,,,
渔船,2.0,,,,,,
渗透,1.0,,,,,,
渤涵,,,,,,,1.0
温兰,1.0,,,,,,
温暖,1.0,,,,,,
渴望,1.0,,,,,,
游,1.0,,,,,,
游客,1.0,1.0,5.0,,,,
游戏,1.0,,,,,,
游行,1.0,,,,,,
湖号,,,,,,1.0,
溃败,4.0,,,,,,
源于,,,,,,1.0,
源自,1.0,,,,,,
溢价,,,,,2.0,,
溢出,1.0,,,,,,
滑,,,,,,1.0,
滑入,1.0,,,,,,
滑翔机,,,,,,4.0,
滚动,,,1.0,,,,
滞留,,,1.0,,,,
满意,,,,2.0,,1.0,
满意度,,,,,,1.0,
满满的,,,,1.0,,,
满盘皆输,,,,1.0,,,
满足,1.0,,2.0,,,,
漂泊,,,,,,,1.0
演示,1.0,,,,,,
演讲,,,1.0,,,,
漫画,,,,6.0,,,
漫长,1.0,,,,,,
漫长岁月,1.0,,,,,,
潜伏,1.0,,,,,,
潜力,,,,,1.0,,
潜在,2.0,,,,,,
潜规,,,,,,1.0,
潜规则,,,,,,3.0,
澎湃,1.0,,,,,,
澳,,1.0,5.0,,,,
澳元,,,2.0,,,,
澳大利亚,,2.0,1.0,,,,
澳大利亚广播公司,,,1.0,,,,
澳近,,1.0,,,,,
澳门,,,,,,,1.0
激励,2.0,,,,,,
激怒,1.0,,,,,,
激情,1.0,,,,,,
激进,3.0,,,,,,
火爆,2.0,,,,,,
火箭,,,,,3.0,2.0,
火车,,,,1.0,,,
火车票,,,,1.0,,,
火车站,,2.0,,,,,
灵感,1.0,,,,,,
灵魂,,,,1.0,,,
炒作,1.0,,,,,,
炫富,,,,2.0,,,
炫耀,1.0,,,,,,
炫酷,1.0,,,,,,
炸毁,,,,1.0,,,
炸鸡,,1.0,,,,,
点,4.0,,,,,,
点击,,,,40.0,,,10.0
点评,1.0,,,,,,
炼油,1.0,,,,,,
烂,1.0,,,,,,
烦恼,1.0,,,,,,
烧掉,,,,,1.0,,
热度,1.0,,,,,,
热潮,2.0,1.0,,,,,
热血,,,,,,,1.0
热衷于,,1.0,,,,,
热议,,1.0,,,,,
热闹,,,,,,1.0,
焚毁,1.0,,,,,,
焦虑,1.0,,,,,,
焰火,1.0,,,,,,
然后,1.0,,,3.0,,,
然而,5.0,,,,,,
煎,1.0,,,,,,
煤,1.0,,,,,,
煤炭,6.0,,,,,,
煤电,1.0,,,,,,
煤矿,1.0,,,,,,
照,,,,,,1.0,
照明,4.0,,,,,,
照照,,,,,,1.0,
煮,,,,1.0,,,
熊丙奇,,,,,,1.0,
熟知,1.0,,,,,,
燃煤,2.0,,,,,,
爆,1.0,,,,,,
爆出,1.0,,,,,,
爆发,1.0,,,,,,
爆炸,,,2.0,,,,
爬,,,,3.0,,,
爱,2.0,,,1.0,,,
爱国,,,,,,1.0,
爱国热情,,,,1.0,,,
爱德华,2.0,,,,,,
爱范儿,,,,,30.0,,
父母,,1.0,,,,,
父爱,,,,2.0,,,
爸爸,,,,7.0,,,
版,,,,,2.0,,
牌子,,,,3.0,,,
牙印,,,,3.0,,,
牛博网,,,,,,,1.0
牛津大学,1.0,,,,,,
物,2.0,,,,5.0,,
物体,1.0,,,,,,
物料,,2.0,,,,,
物有所值,,,,,1.0,,
物资,,,,,,,1.0
特,,1.0,,3.0,2.0,,
特为,,1.0,,,,,
特么来,,,,2.0,,,
特别,3.0,,1.0,3.0,,,
特征,,,,3.0,,,
特快,,,,1.0,,,
特意,1.0,,,1.0,,,
特效,,,,,1.0,,
特斯拉,,,,,2.0,,
特朗普,6.0,,2.0,,,,
特权阶层,1.0,,,,,,
特殊,1.0,1.0,,,,,
特点,2.0,,,,,,
特许,2.0,,,,,,
特许权,1.0,,,,,,
特里萨,5.0,,,,,,
犯罪,,1.0,,,,,
状况,1.0,,1.0,,,,
犹豫,,,,,,,1.0
狂热,3.0,,,,,,
狗,1.0,,,,,,
狗血,1.0,,,,,,
狙击手,4.0,,,,,,
独享,,,,,,1.0,
独立自主,1.0,,,,,,
狭窄,1.0,,,,,,
狼狈,1.0,,,,,,
猎头公司,1.0,,,,,,
猕猴桃,,,,3.0,,,
猛增,1.0,,,,,,
猫,,1.0,,,,,
猫咪,,,,4.0,,,
玉品琨,1.0,,,,,,
王冠,1.0,,,,,,
王卓伦,,,1.0,,,,
王子,,1.0,,,,,
王昀,1.0,,,,,,
王毅,,,1.0,,,,
王毅同,,,1.0,,,,
王波,,,1.0,,,,
玛格丽特,1.0,,,,,,
玩,,1.0,,1.0,,,
玩家,1.0,,,,,,
玩笑,,,,1.0,,,
环境,1.0,,,,,,
环球,,,2.0,,,,
环节,,1.0,,,,,
现,,1.0,,,,,
现任,1.0,,,,,,
现在,2.0,,,3.0,,,
现实,3.0,,,,,,
现实生活,1.0,,,,,,
现年,1.0,,,,,,
现状,2.0,,,,,,
现象,,1.0,,,,,
现身,1.0,,,,,,
玻璃,1.0,,,,,,
理工大学,,,,,,1.0,
理念,1.0,,,,,,
理性,1.0,,,,,,
理所当然,1.0,,,,,,
理查德,1.0,,,,,,
理由,3.0,,,,,2.0,
理解,1.0,,1.0,,,1.0,1.0
理论体系,,,,,,1.0,
瑞士,1.0,,,,,,
瓜,,,,2.0,,,
瓜分,1.0,,,,,,
瓜地,,,,1.0,,,
瓜棚,,,,2.0,,,
瓦萨加尔,1.0,,,,,,
瓶装,1.0,,,,,,
甘叫,,,,1.0,,,
甚至,2.0,1.0,,,,1.0,
甜甜,,,,1.0,,,
生于,1.0,,,,,,
生产,2.0,,,,,,
生产商,1.0,,,,,,
生产总值,2.0,,,,,,
生命,,,,,,1.0,
生态型,1.0,,,,,,
生意,1.0,,,,,,
生气,,,,1.0,,,
生活,5.0,,,,,,
用,,,,3.0,1.0,,2.0
用于,1.0,,,,,,
用兵,,,,,,1.0,
用户,1.0,,,,,,
用来,,,,3.0,,,
用餐,,1.0,,,,,
由,4.0,,,,,3.0,
由于,3.0,1.0,,,,,
由孙,,,,,,,1.0
由寨,1.0,,,,,,
由此,2.0,,,,,1.0,
甲板,1.0,,,,,,
甲骨,1.0,,,,,,
申诉,3.0,,,,,,
申请,,,,,,1.0,
电信,3.0,,,,,,
电力,,1.0,,,,,
电厂,2.0,,,,,,
电子,1.0,,,,,,
电影,4.0,,,,,,5.0
电气,3.0,,,,,,
电池,,,,,1.0,,
电能,,1.0,,,,,
电脑,,2.0,,,,,
电视,1.0,,,,,,
电视台,1.0,,2.0,,,,
电视节目,1.0,,,,,,
电话号码,,,,1.0,,,
电话簿,,,,1.0,,,
男,,1.0,,6.0,,,
男人,,,,7.0,,,
男友,,,,1.0,,,
男声,,,,1.0,,,
男子,1.0,5.0,,1.0,,,
男性,,1.0,,,,,
男生,2.0,,,,,,
男癌,,,,,1.0,,
男童,,2.0,,,,,
町,,1.0,,,,,
画,,,,3.0,,,
画面,1.0,,,,,,
界限,1.0,,,,,,
留下,1.0,,,,1.0,,
留在,,,,1.0,,,
留欧,2.0,,,,,,
留给,,,,1.0,,,
留言,,,,,,,1.0
略高于,1.0,,,,,,
畸胎,,1.0,,,,,
疏散,,,4.0,,,,
疯,,,,1.0,,,
疯狂,1.0,,,,,,
病毒,1.0,,,,,,
症结,,,1.0,,,,
痛苦,1.0,,,,,,
痴迷,,1.0,,,,,
瘦成,,,,1.0,,,
瘫痪,1.0,,,,,,
白人,1.0,,,,,,
白俄罗斯,1.0,,,,,,
白宫,1.0,,,,,,
白皮书,,,,,,2.0,
百度,,,,,4.0,,
百货商场,2.0,,,,,,
的,594.0,31.0,54.0,142.0,38.0,80.0,19.0
的确,1.0,,,,,,
的话,1.0,,,,,,
皮,,1.0,,,,,
皮卡丘,1.0,,,,,,
皮尔,2.0,,,,,,
盈利,1.0,,,,,,
监控,1.0,,,,,,
监狱,,1.0,,,,,
盘中,1.0,,,,,,
盛事,1.0,,,,,,
盛产,,,,3.0,,,
盛华,1.0,,,,,,
盛华是,1.0,,,,,,
盛放,1.0,,,,,,
目不暇接,1.0,,,,,1.0,
目击者,,1.0,2.0,,,,
目前,7.0,,6.0,,1.0,,
目力,1.0,,,,,,
目标,5.0,1.0,,,,,
目的,1.0,,,,,,
目的地,2.0,,,,,,
目瞪口呆,1.0,,,,,,
盲目乐观,1.0,,,,,,
直到,,1.0,,,,,
直升机,,,1.0,,,,
直接,1.0,,,,,,
直接参与,1.0,,,,,,
相互,,,,,,2.0,
相互支持,,,1.0,,,,
相亲,,,,3.0,,,
相似,2.0,,,,,,
相信,1.0,,,,,1.0,
相关,4.0,2.0,2.0,,,,
相反,1.0,,,,,,
相同,1.0,,,,,,
相吻合,2.0,,,,,,
相对,2.0,,,,,,
相当于,,,,,1.0,,
相比,1.0,,,,,,
相聚,1.0,,,,,,
盼,1.0,,,,,,
省,,,1.0,,,,
看,5.0,,,8.0,1.0,3.0,
看不见,,,,3.0,,,
看出,,,,3.0,,,
看到,6.0,1.0,,5.0,,1.0,
看待,1.0,,,,,1.0,
看来,1.0,,,1.0,,1.0,
看法,2.0,,,,,,1.0
看淡,1.0,,,,,,
看点,1.0,,,,,,
看看,,,,1.0,,,
看见,,,,2.0,,,
看起来,2.0,,,,,,
看高,,,,1.0,,,
真,1.0,,,6.0,,,
真主,1.0,,,,,,
真会,,,,3.0,,,
真怕,,,,2.0,,,
真是,1.0,,,,,,
真正,1.0,,,3.0,,,
真的,2.0,,,2.0,,,
眼下,1.0,,,,,,
眼光,1.0,,,,,,
眼泪,1.0,,,,,,
眼疾,,,,,1.0,,
眼神,1.0,,,3.0,,,
着,7.0,,1.0,8.0,,2.0,1.0
着力点,,,,,,1.0,
着落,,,,,1.0,,
睡觉,,2.0,,2.0,,,
瞩目,2.0,,,,,,
矛盾,,,,,1.0,,
知县,,1.0,,,,,
知名,1.0,,,,,,
知情,3.0,,,,,,
知识,,,,3.0,,,
知识分子,,,,,,1.0,
知道,2.0,,,1.0,1.0,,1.0
短信,,,,2.0,,,
短文,,,,,,,1.0
短期,1.0,,,,,,
短消息,,,,1.0,,,
短线,1.0,,,,,,
石块,,1.0,,,,,
石油,3.0,,,,,,
研发,,2.0,,,,2.0,
研究,5.0,,,,,,
研究生,,,,,,2.0,
研究院,,,,,,1.0,
研讨会,,,2.0,,,,
砖头,,1.0,,,,,
砖石,,1.0,,,,,
破坏,,1.0,,,,,
破灭,1.0,,,,,,
确定,,,,,,1.0,
碗,,,,1.0,,,
磋商,1.0,,,,,,
礁,1.0,,,,,,
示威,,,1.0,,,,
礼拜,,,,1.0,,,
礼物,1.0,,,3.0,,,
社,1.0,,,,,,
社交,3.0,,,,,,
社会,6.0,,2.0,,,5.0,
社区,,,,,1.0,,
社评,6.0,,,,,,
祈祷,1.0,,,,,,
祝,1.0,,,,,,
祝贺,,,,,,,1.0
神秘,,,,1.0,,,
神马,,,,3.0,,,
票上,,,,1.0,,,
票房,1.0,,,,,,
祸害,,,,3.0,,,
禁,,1.0,,,,1.0,
禁用,1.0,1.0,,,,,
福岛,,,,1.0,,,
离,,,,,1.0,,
离不开,1.0,,,,,,
离开,,,1.0,,,,
离职,2.0,,,,1.0,,
秀,1.0,,,,,,
私人,3.0,,,,,,
私密,1.0,,,,,,
私校,3.0,,,,,,
私营企业,2.0,,,,,,
秉承,1.0,,,,,,
种子,,,,,1.0,,
种族,1.0,,,,,,
科,1.0,,,,,,
科威特,,,1.0,,,,
科学,,,,,,2.0,
科学家,,1.0,,,,1.0,
科技,3.0,,,,2.0,,
秒,,,,1.0,,,
秘书,2.0,,,,,,
秩序,,,4.0,,,,
积极,,,1.0,,1.0,,
称,10.0,3.0,6.0,,,1.0,
称为,2.0,1.0,,,,,
称其,1.0,,,,,,
称澳,,,1.0,,,,
称若,,,1.0,,,,
移动,,,,,1.0,,
移民,,,8.0,,,,
移送,,,,,,1.0,
稀里糊涂,,,,,,,1.0
程,1.0,,,,,,
程度,2.0,,,,,2.0,
稍差,,,,,,,1.0
稳,1.0,,,,,1.0,
稳中,,,1.0,,,,
稳定,,,9.0,,,,
穆,,,1.0,,,,
穆拉,,,1.0,,,,
穆拉德,1.0,,,,,,
穆斯林,1.0,,,,,,
穆罕默德,1.0,,,,,,
空中客车,1.0,,,,,,
空域,1.0,,3.0,,,,
空客,1.0,,,,,,
突出,,,,,,1.0,
突发奇想,,1.0,,,,,
突变,,,,1.0,,,
突如其来,1.0,,,,,,
突显,1.0,,,,,,
突然,1.0,,,1.0,,,
突破,2.0,,,,,,
突破口,1.0,,,,,,
立,,1.0,,,,,
立即,1.0,,,,,,
立场,3.0,,2.0,,1.0,,
立案,,,,,,1.0,
站,1.0,,,,,,
站立,1.0,,,,,,
站长,,2.0,,,,,
竞争,2.0,,,,,,
竞争对手,2.0,,,,,,
竞标,1.0,,,,,,
竞购,1.0,,,,,,
竞赛,2.0,,,,,,
竞选,2.0,,1.0,,,,
竞选活动,1.0,,,,,,
竞逐,1.0,,,,,,
竟然,2.0,,,,1.0,,
笑,,,,4.0,,,
笑话,,,,17.0,,1.0,
笔下,1.0,,,,,,
笔头,1.0,,,,,,
笔者,3.0,,,,,,
符合中国,1.0,,,,,,
第,3.0,,1.0,,,6.0,
第一,,,1.0,,1.0,1.0,
第一个,1.0,,,,1.0,,
第一天,1.0,,,,,,
第一季度,1.0,,,,,,
第一次,,,,,,,1.0
第七,1.0,,,,,,
第三,1.0,,,,,,
第三位,1.0,,,,,,
第二,1.0,,,,,,
第二位,2.0,,,,,,
第二天,,,,1.0,,,
第二季度,4.0,,,,,,
第二轮,1.0,,,,,,
第五,1.0,,,,,1.0,
第四天,,,,1.0,,,
等,6.0,1.0,3.0,,2.0,2.0,
等国,,,,,,1.0,
等待,2.0,,,,1.0,1.0,
等级,,,,,,2.0,
答,,,,1.0,,,1.0
答案,1.0,,,,,,
策略,2.0,,,,,,
筹码,,,,,,2.0,
签字,1.0,,,,,,
签署,,,1.0,,,,
签订,4.0,,,,,,
简单,1.0,,,,,,
简洁,,,,1.0,,,
简略,1.0,,,,,,
简直,,,,3.0,,,
简短,,,1.0,,,,
简称,,,,,1.0,,
管理,2.0,,,,,,
管理学,1.0,,,,,,
管理局,1.0,,,,,,
管理层,2.0,,,,,,
箴言,1.0,,,,,,
米,,,,,,2.0,
米克,1.0,,,,,,
米强,3.0,,,,,,
米歇尔,1.0,,,,,,
米蒂,,,1.0,,,,
米长,,1.0,,,,,
类,1.0,,,,,,
类似,2.0,,,,,,
粉丝,,,,,,,1.0
粗心,,,,,,,1.0
粗糙,1.0,,,,,,
精华,,,,,15.0,,
精彩,1.0,,,,,,
精灵,1.0,,,,,,
精神,,,,3.0,,,
精细,,,2.0,,,,
精英,4.0,,,,,,
精通,1.0,,,,,,
糗,,,,1.0,,,
系主任,,,,,,1.0,
系列,2.0,,,24.0,1.0,,
系列报道,1.0,,,,,,
系教,,,,,,1.0,
系统,1.0,,,,,,
索姆,1.0,,,,,,
紧密,1.0,,,,,,
紧张,2.0,,,,,,
紧急事件,1.0,,,,,,
繁盛,1.0,,,,,,
纠纷,1.0,,,,,,
红,,,,,,1.0,
红地毯,1.0,,,,,,
红绿灯,,,,1.0,,,
纤维,,4.0,,,,,
约,2.0,1.0,2.0,,,,
约会,1.0,,,,,,
约合,,1.0,1.0,,,,
约定,1.0,,,,,,
约瑟夫,1.0,,,,,,
约翰,6.0,,1.0,,,,
约翰逊,9.0,,,,,,
纪录,,1.0,1.0,,,,
纪检,,,,,,1.0,
纯,,,,1.0,,,
纯净水,,,,1.0,,,
纳奥米,1.0,,,,,,
纷纷,1.0,,,,,,
纷纷表示,,,1.0,,,,
纸条,,,,1.0,,,
纸笔,,,,1.0,,,
纽,1.0,,,,,,
纽约,5.0,,,,,,
纽约大学,1.0,,,,,,
纽约时报,1.0,,,,,,
线,3.0,,,,,,
线形,1.0,,,,,,
组合,1.0,,,,,,
组成,2.0,,,,,,
组成部分,1.0,,,,,,
组织,4.0,,,,,,
细节,3.0,,,,,,
终,,,,,1.0,,
终于,1.0,,,4.0,,,
终得,,,,,,1.0,
终结,1.0,,1.0,,,,
经,,,,,,1.0,
经典,,,,110.0,,,
经历,5.0,1.0,,,,,
经常,,1.0,,,,1.0,
经济,31.0,1.0,3.0,3.0,,1.0,
经济体,1.0,,,,,,
经济基础,,,,,,1.0,
经济学家,7.0,,,,,,
经济衰退,1.0,,,,,,
经济趋势,1.0,,,,,,
经理,2.0,,,,,,
经纬度,,,,,,1.0,
经营,1.0,,,,,,
经营权,2.0,,,,,,
经过,1.0,,,,,,
经验丰富,,,,,1.0,,
结婚,,1.0,,,,,
结束,4.0,,,,,,
结构性,,,1.0,,,,
结果,7.0,,1.0,3.0,,,
给,8.0,1.0,,8.0,1.0,,
给予,3.0,,,,,,
绝,,,,1.0,,,
绝不能,1.0,,,,,,
绝交,,1.0,,,,,
绝对,,,,,,1.0,
统一,2.0,1.0,,,,1.0,
统考,,,,,,1.0,
统计,1.0,,,,,,
统计数据,1.0,,,,,,
继,,,,,1.0,,
继任者,1.0,,,,,,
继续,1.0,,,,,,
绩效,2.0,,,,,,
维亚康姆,1.0,,,,,,
维博,1.0,,,,,,
维塔,1.0,,,,,,
维多利亚,1.0,,,,,,
维安,,,1.0,,,,
维护,,,1.0,,,,
维持,1.0,,,,,,
综合,2.0,,1.0,,,,
综述,,,3.0,,,,
绿滋肴,,,,,,1.0,
绿色,5.0,,,,,,
绿色革命,1.0,,,,,,
缅甸,5.0,,1.0,,,,
缆索,2.0,,,,,,
缓冲,1.0,,,,,,
编写,,,,,,1.0,
编剧,,,,,,,1.0
编者按,2.0,,,,,,
编者注,1.0,,,,,,
缩减,1.0,,,,,,
缭乱,,,2.0,,,,
缴清,,,,,,1.0,
缺,,,,,1.0,,
缺乏,2.0,,,,,,
缺陷,,,1.0,,,,
罐中,,1.0,,,,,
网,,,1.0,,,,
网上,1.0,,,,,1.0,
网友,1.0,,,,,,1.0
网文,,,,110.0,,,
网民,1.0,,,,,,
网站,7.0,,,,,,
网络,2.0,3.0,,,2.0,1.0,
罗,1.0,,,,,,
罗伯特,4.0,,,,,,
罗夫,1.0,,,,,,
罗宾,1.0,,,,,,
罗德里戈,1.0,,,,,,
罗斯,1.0,,,,,,
罗菲帕克,1.0,,,,,,
罗默,3.0,,,,,,
罗默为,1.0,,,,,,
罚款,,,,,,1.0,
罢免,1.0,,,,,,
罢工,2.0,,,,,,
置评,1.0,,,,,,
羁押,2.0,,,,,,
美,4.0,3.0,1.0,,,1.0,
美丽,1.0,,,,,,
美么,,,,3.0,,,
美元,4.0,1.0,,,,,
美元汇率,1.0,,,,,,
美味,,,,,1.0,,
美因,,1.0,,,,,
美国,32.0,11.0,7.0,,1.0,2.0,
美国共和党,2.0,,2.0,,,,
美女,,1.0,,,,,
美好,1.0,,,,,,
美妙,,,,,1.0,,
美洲,,1.0,,,,,
美联储,3.0,,,,,,
美苏,,,,,,1.0,
美食,1.0,1.0,,,,,
羞愧,,,,1.0,,,
群众,,,1.0,,,,
群架,,,2.0,,,,
翻身,1.0,,,,,,
老乡,,,,1.0,,,
老佛爷,1.0,,,,,,
老公,,,,4.0,,,
老化,,2.0,,,,,
老大爷,,,,4.0,,,
老娘,,,,2.0,,,
老婆,,,,9.0,,,
老师,,,,3.0,,,
老挝,,,1.0,,,,
老是,,,,1.0,,,
老板,1.0,,,,,,
老百姓,,,,,,1.0,
老罗等,,,,,,,1.0
考,2.0,,,,,,
考虑,3.0,,2.0,,,,
考试,,,,,,1.0,
考验,1.0,,,,,,
者,2.0,,,,,1.0,
而,15.0,,,2.0,1.0,3.0,
而今,,,,,,1.0,
而据,,,,,1.0,,
而是,2.0,,,,,,
而欣泰,1.0,,,,,,
而物,,,,,1.0,,
而言,,,,,,1.0,
耍流氓,,,,2.0,,,
耐心,1.0,,,,,,
耳朵,,,,,,1.0,
耶,1.0,,,,,,
职务,,,3.0,,,,
联合,,,1.0,,,,
联合国,2.0,,1.0,,,,
联合行动,,,1.0,,,,
联盟,1.0,,,1.0,,,
联系,2.0,,,,,,
联网,2.0,,,,7.0,,
聚集,2.0,,,,,,
聪明,1.0,,,1.0,,,
肃清,,,2.0,,,,
肃贪,,,,,,1.0,
肉丝面,,,,3.0,,,
肌肉,1.0,,,,,,
肖,1.0,,,,,,
肖恩,4.0,,,,,,
股,2.0,,,,,,
股东,2.0,,,,1.0,,
股价,3.0,,,,,,
股份,2.0,,,,,,
股本,2.0,,,,,,
股权,5.0,,,,,,
股票,3.0,,,,,,
股票代码,2.0,,,,,,
股票市场,1.0,,,,,,
肯定,,,,1.0,,,
背,,2.0,,,,,
背光,,,,,1.0,,
背后,1.0,,,,,,
背景,2.0,,,1.0,,,
胎死腹中,1.0,,,,,,
胖,,,,3.0,,,
胜出,2.0,,,,,,
胜地,1.0,,,,,,
胡瓦杰,1.0,,,,,,
能,3.0,2.0,,3.0,1.0,1.0,
能否,3.0,,,,1.0,,
能够,2.0,,,,,,
能成,1.0,,,,,,
能源,2.0,,,,1.0,,
能绕,,,,,,1.0,
能耐,,,,3.0,,,
能量,,,2.0,,,,
脚,,1.0,,,,,
脚下,,,,,,,1.0
脱欧,15.0,,,,,,
脱离,2.0,,,,,,
脸,,,,3.0,,,
脸小,,,,3.0,,,
腐败案,,,,,,1.0,
腐败问题,,,,,,1.0,
腰,,,,1.0,,,
自,5.0,,1.0,,,,
自主,,,,,,2.0,
自从,,1.0,,,,,
自卫权,,,,,,3.0,
自备,,2.0,,,,,
自封,1.0,,,,,,
自己,10.0,1.0,,3.0,3.0,4.0,1.0
自成,,1.0,,,,,
自我,1.0,,,,,,
自来,,,2.0,,,,
自由,1.0,,,,,,
自身,3.0,,,,,,
至,5.0,,1.0,,,,
至今,,,,,,1.0,
至始,2.0,,,,,,
至少,7.0,,,,,,
至终,2.0,,,,,,
致,1.0,,1.0,,,,
致伤,1.0,,,,,,
致力于,,,1.0,,,,
舆论,,,,,1.0,,
舌战,,,,,1.0,,
舒服,,1.0,,1.0,,,
航天,,,,,,1.0,
航程,,,,,,1.0,
航空,4.0,,,,,,
船,2.0,,,,,,
艘,2.0,,,,,,
良机,1.0,,,,,,
艺术品,1.0,,,,,,
艾伦,2.0,,,,,,
艾哈迈德,1.0,,,,,,
艾米莉,1.0,,,,,,
节能,2.0,,,,,,
芝加哥,1.0,,,,,,
芮,,,,,,3.0,
芯片,2.0,,,,,,
花园,,,,1.0,,,
花开,,,,,1.0,,
花费,1.0,1.0,1.0,,,,
苏丹,,,2.0,,,,
苏培科,1.0,,,,,,
若,2.0,,,,1.0,,
苦,1.0,,,,,,
苦盼,1.0,,,,,,
英,2.0,3.0,,,,,
英国,77.0,4.0,,,,,
英国政府,2.0,,,,,,
英国议会,1.0,,,,,,
英国首相,4.0,,,,,,
英媒,,,1.0,,,,
英特尔,,,,,1.0,,
英研,,1.0,,,,,
英美,2.0,,,,,,
英语,,,,,1.0,4.0,
英里,1.0,,,,,,
英镑,5.0,,,,1.0,,
英雄,,,,1.0,,,
苹果,2.0,,,6.0,,,
范围,2.0,,5.0,,,,
茶叶,1.0,,,,,,
草药,,3.0,,,,,
药丸,,,,,1.0,,
荷兰,1.0,,,,,,
莎伦,,1.0,,,,,
莎士比亚,1.0,,,,,,
莫斯科,,,1.0,,,5.0,
莫过于,1.0,,,,,,
莱尔,2.0,,,,,,
莱恩,1.0,,,,,,
获,1.0,2.0,,,,,
获得,3.0,,,,1.0,,
获悉,1.0,,,,,1.0,
获批,1.0,,,,,,
菜,,,,1.0,,,
菜鸟,,,,,1.0,,
菲利普,2.0,,,,,,
菲律宾,14.0,,2.0,,,,
菲律宾共和国,2.0,,,,,,
萌化,,,,3.0,,,
营业,1.0,,,,,,
萨,2.0,,1.0,,,,
萨勒,1.0,,,,,,
萨拉,1.0,,,,,,
萨潘,1.0,,,,,,
萨默斯,1.0,,,,,,
落定,,,,,,1.0,
落得,,,,,,1.0,
著作,1.0,,,,,,
著名,2.0,,,,,,
董事会,,,,,1.0,,
董事长,1.0,,3.0,,,,
葬礼,,2.0,,,,,
蒂姆,3.0,,,,,,
蒋豪为,1.0,,,,,,
蓝皮书,,,,,,1.0,
蓝鳍,1.0,,,,,,
蔑视,1.0,,,,,,
蕾,,1.0,,,,,
藏,1.0,,,,,,
虎头蛇尾,1.0,,,,,,
虚拟现实,,,,,1.0,,
虽,1.0,,,,,,
虽会,1.0,,,,,,
虽然,,,1.0,1.0,1.0,,
蚊子,,,,1.0,,,
蛋糕,,,,,1.0,,
融入,1.0,,,,,,
融合,1.0,,,,,,
融资,1.0,,,,,,
行,2.0,,,1.0,,,
行业,11.0,,,,,,
行事,1.0,,,,,,
行使,,,,,,1.0,
行凶,,,,,,1.0,
行动,2.0,,3.0,,,,
行政,1.0,,,,,,
行长,1.0,,,,,,
街区,1.0,,,,,,
街头,2.0,,,,,,
衡水,,,,,,1.0,
补偿,,,,,,1.0,
表态,3.0,,,,,,
表情,,,,3.0,,,
表明,3.0,,,,,,
表现,3.0,,,,,,
表示,22.0,1.0,16.0,,2.0,1.0,
表达,1.0,,,1.0,,,
表述,,,,,,1.0,
衰落,,,,,,1.0,
衰退,1.0,,,,,,
袖套,,,,3.0,,,
被,25.0,9.0,5.0,5.0,,7.0,1.0
被子,,,,1.0,,,
被捕,1.0,,4.0,,,,
被迫,,1.0,,,,,
袭击,4.0,,10.0,,,,
袭警,3.0,,,,,,
袭警案,,,2.0,,,,
裁决,23.0,,8.0,,,,
裁决书,2.0,,,,,,
装有,,1.0,,,,,
装逼,,,,1.0,,,
裹,,,,,,,1.0
西北大学,1.0,,,,,,
西奥,,1.0,,,,,
西尔,2.0,,,,,,
西方,1.0,,,,,,
西柏坡,,,,,,1.0,
西班牙,2.0,,,,,,
西瓜,,,,1.0,,,
西蒙,1.0,,,,,,
西部,,3.0,,,,,
要,8.0,1.0,1.0,6.0,2.0,1.0,4.0
要价,2.0,,,,,,
要是,,,,,1.0,,
要求,1.0,3.0,1.0,,,1.0,
要津,,,,,,1.0,
要约,,,,,1.0,,
要闻,,,2.0,,,,
见证,1.0,,,,,,
见识,1.0,,,,,,
观,3.0,,,,,,
观念,2.0,,,,,,
观战,,,,1.0,,,
观望,1.0,,,,,,
观点,2.0,,,,,,
观看,,,,20.0,,,
观赏,1.0,,,,,,
规划,2.0,,,,,,
规定,1.0,,,1.0,,1.0,
规律,,,,,,1.0,
规模,2.0,,,,,,
规章,,1.0,,,,,
觅海宝,1.0,,,,,,
视为,2.0,,,,,,
视点,1.0,,,,,,
视角,1.0,,,,,,
视频,1.0,,,,,,
觉得,,,,4.0,1.0,,1.0
角力,2.0,,,,,,
角度,,,,,,1.0,
角色,,,,,1.0,,
角落,1.0,,,,,,
角逐,1.0,,,,,,
解,1.0,,,,,,
解决,7.0,,,,,1.0,
解决问题,,,1.0,,,,
解禁,,,,,,1.0,
解读,1.0,,,,,1.0,
解释,3.0,,,,,,
解除,,,3.0,,,,
解雇,1.0,,,,,,
触及,1.0,,,,,,
触底,2.0,,,,,,
言之过早,1.0,,,,,,
言论,1.0,,,,,,
詹姆斯,1.0,,,,,,
詹金斯,1.0,,,,,,
警告,5.0,1.0,,,,,
警员,,,4.0,,,,
警士,1.0,,,,,,
警官,3.0,,,,,,
警察,9.0,1.0,3.0,,,,
警察局长,1.0,,,,,,
警戒,,,2.0,,,,
警报,,,,2.0,,,
警方,7.0,2.0,4.0,,,1.0,
警民,,,3.0,,,,
警示,1.0,,,,,,
计划,5.0,,,,1.0,,
计划体制,,,,,,1.0,
计算,1.0,,,,,,
计算能力,1.0,,,,,,
计较,,,,3.0,,,
订阅,1.0,,,40.0,,,
认为,7.0,,1.0,,1.0,2.0,
认定,1.0,,,,,,
认证,,,,,15.0,,
讨论,3.0,,,,,,
让,7.0,1.0,,2.0,2.0,2.0,1.0
让出,,,,1.0,,,
议会,2.0,,7.0,,,,
议员,,,2.0,,,,
议程,1.0,,,,,,
议论,1.0,,,,,,
议题,,,1.0,,,,
记,1.0,,,,,,
记录在案,1.0,,,,,,
记性,1.0,,,,,,
记着,,,,1.0,,,
记者,2.0,,10.0,,,2.0,
讲,1.0,,,,,,
讲解,1.0,,,,,,
讲话,3.0,,1.0,,,,
讶异,1.0,,,,,,
许多,3.0,,,,,,
论,,,,,,,1.0
论坛,1.0,,2.0,,,,
论文,1.0,,,,,,
论者,,,,,,1.0,
设备,1.0,,,,2.0,,
设定,1.0,,,,,,
设法,1.0,,,,,,
设置,1.0,,,,,,
设计,3.0,,,,1.0,,
设计师,2.0,,,,,,
访,,,2.0,,,,
访问,3.0,,,,,,
访问者,1.0,,,,,,
证,,,,,,1.0,
证据,1.0,,,,,,
证明,1.0,,,,,,
评个,,,,,1.0,,
评价,,,2.0,,1.0,,
评级,,,6.0,,,,
评论,15.0,,1.0,,15.0,,
识别区,1.0,,,,,,
诉,2.0,,,,,,
诉求,2.0,,1.0,,,,
诉讼案,1.0,,,,,,
诊断,,,,,1.0,,
词说,1.0,,,,,,
译,1.0,,,,,,
译者,1.0,,,,,,
试听,,,,20.0,,,
试图,5.0,,1.0,,,,
话,1.0,,,4.0,,,
话题,1.0,1.0,,,,2.0,
诞下,,2.0,,,,,
该,21.0,,2.0,1.0,2.0,,
该党,1.0,,,,,,
该国,5.0,,,,,,
该校,,,,,,2.0,
该案,2.0,,,,,,
详细,1.0,,,,,,
语言,1.0,,,1.0,,,
误,,,,,,,1.0
误会,,,,1.0,,,
诱发,1.0,,,,,,
诱奸,,,,,,2.0,
诱惑,1.0,,,,,1.0,
说,16.0,1.0,5.0,13.0,1.0,,
说了算,,,,,,1.0,
说服,1.0,,,,,,
说法,1.0,,,,,1.0,
说话,,,,1.0,,,
请,3.0,,,20.0,,,
请勿,,,,3.0,,,
请来,,1.0,,,,,
请求,,1.0,,,,,
请点,,,,20.0,,,
请辞,1.0,,,,,,
诺斯,1.0,,,,,,
诺贝尔奖,1.0,,,,,,
读,1.0,,,,,,
读书,,2.0,,,,,
读者,14.0,,,,,,1.0
课程,1.0,,,,,,
谁,2.0,,,7.0,1.0,1.0,
谁造,,,,3.0,,,
调,,,,,,1.0,
调整,1.0,,,,,1.0,
调查,2.0,4.0,,,,4.0,
调查报告,,,2.0,,,,
谈判,5.0,,1.0,,,,
谢鹏,,,1.0,,,,
谨慎,1.0,,,,,,
谩骂,,,,,,1.0,
谱,1.0,,,,,,
谴责,1.0,,2.0,,,,
谷歌,1.0,,,,,,
象征,2.0,,,,,,
豪华,,2.0,,,,,
豪赌,3.0,,,,,,
豪车,1.0,,,,,1.0,
贝内特,1.0,,,,,,
贝索斯,,,,,1.0,,
贝纳通,1.0,,,,,,
负,2.0,,,,,,
负责,3.0,1.0,1.0,,,,
财团,1.0,,,,,,
财富,1.0,,,,,,
财政,1.0,,,,,,
财政部,1.0,,,,,,
财政部长,1.0,,,,,,
财相,1.0,,,,,,
财神,,,,2.0,,,
责任,,,1.0,,,,
货币,3.0,,,,,,
货币政策,1.0,,,,,,
货车,4.0,,,,,,
贪婪,1.0,,,,,,
贬值,1.0,,,,,,
购入,2.0,,,,,,
贯彻,,,,,,1.0,
贵,1.0,,,,,,
贵客,1.0,,,,,,
贵美,,1.0,,,,,
贸易,11.0,,1.0,,,,
贸易壁垒,1.0,,,,,,
贸易战,2.0,,,,,,
贼,,,,1.0,,,
贾,1.0,2.0,,,,,
资产,1.0,,,,,,
资助,1.0,,,,,,
资料,1.0,,,,,,
资本,5.0,,1.0,,,,
资格,,,,,,1.0,
资源,3.0,,1.0,,,,
资金,4.0,,,,,,
赋予,,,,,,1.0,
赋权,,,1.0,,,,
赌博,,,,,1.0,1.0,
赌场,,,,,,1.0,
赌气,,,,1.0,,,
赖特,1.0,,,,,,
赛灵思,1.0,,,,,,
赛车,,,,,,,1.0
赠书,,1.0,,,,,
赢得,6.0,,,,,,
赫巴,1.0,,,,,,
走,,,,4.0,,,1.0
走上,2.0,,,,,,
走出,1.0,,1.0,,,,
走势,1.0,,,,,,
走向,1.0,,,,,1.0,
走红,,1.0,,,,,
走近,,,,1.0,,,
赴,,,2.0,,,,
赵吏,,,,2.0,,,
赶到,,,,,,,1.0
赶回,1.0,,,,,,
赶紧,,,,1.0,,,
起,1.0,,,1.0,,,
起床,,,,3.0,,,
起来,2.0,,,,,1.0,
起落,1.0,,,,,,
起飞,1.0,,,,,,
超,,,1.0,,,,
超乎,1.0,,,,,,
超生,,,,,,1.0,
超过,2.0,2.0,1.0,,,1.0,1.0
越南,2.0,,,,,,
越发,,,,,,1.0,
越来越,5.0,1.0,,,,,
趋势,2.0,,,,1.0,,
趋弱,1.0,,,,,,
趋缓,1.0,,,,,,
趟,,,,,,1.0,
足足,1.0,,,,,,
跃升,1.0,,,,,,
跌停,2.0,,,,,,
跌幅,3.0,,,,,,
跑,1.0,,,1.0,,,
距离,1.0,,,,,3.0,
跟,,,,,2.0,1.0,
跟不上,1.0,,,,,,
跟踪,1.0,,,,,,
跨,1.0,,,,,,
路,1.0,,,1.0,,,
路径,1.0,,,,,,
路旁,,1.0,,1.0,,,
路易斯安那州,2.0,,1.0,,,,
路边,,,,1.0,,,
路过,,,,1.0,,,
路透社,2.0,,,,,,
跳槽,2.0,,,,,,
踏进,1.0,,,,,,
踩,,1.0,,,,,
踹,,,,1.0,,,
身上,1.0,,,,,,
身亡,,,1.0,,,,
身份,1.0,,,,,,
身在,1.0,,,,,,
身处,1.0,,,,,,
身居,,,,,,1.0,
身陷,1.0,,,,,,
躲,,,,4.0,,,
躺,,,,3.0,,,
躺躺,,1.0,,,,,
车,,,,10.0,,,
车上,,,,1.0,,,
车库里,1.0,,,,,,
车手,,,,,,,1.0
车辆,1.0,,,,,,
转化成,,1.0,,,,,
转变,1.0,,,,,2.0,
转型,3.0,,,,,,
轮胎,,,,1.0,,,
软件,3.0,,,,,,
软体,1.0,,,,,,
软银,4.0,,,,9.0,,
较,5.0,,,,,,
辆,1.0,,,,,,
辉煌,1.0,,,,,,
输,,,,,1.0,,
输入,1.0,,,,,,
辞呈,1.0,,,,,,
辞职,2.0,1.0,,,,,
辩论,5.0,,,,,,
辱,,,,,,,1.0
边界,,,2.0,,,,
达,4.0,1.0,,,,,
达到,2.0,,,,,,
达成,3.0,,1.0,,1.0,,
达拉斯,7.0,,,,,,
达曼,,,1.0,,,,
达沃斯,1.0,,,,,,
迁出,2.0,,,,,,
迄今,2.0,,,,,,
迅猛,1.0,,,,,,
迅速,4.0,1.0,,,,,
过,3.0,1.0,,3.0,,,
过于,1.0,,,,,,
过人之处,,,,1.0,,,
过剩,3.0,,,,,,
过去,7.0,,,1.0,,,
过后,,1.0,,,1.0,,
过境,,,1.0,,,,
过大而,,1.0,,,,,
过往,1.0,,,,,,
过日子,,,,3.0,,,
过来,,,,1.0,,,
过程,2.0,,,,,1.0,
过路人,,,,1.0,,,
迈克,1.0,,,,,,
迈克尔,4.0,1.0,,,,,
迎来,1.0,,,,,,
运动,4.0,2.0,2.0,,,,
运输,1.0,,,,,,
近,,,3.0,,2.0,1.0,
近年来,2.0,,,,,1.0,
近日,2.0,3.0,3.0,,,1.0,
近期,5.0,,,,,,
近来,2.0,,,,,,
还,8.0,2.0,1.0,6.0,2.0,1.0,1.0
还成,1.0,,,,,,
还是,2.0,,,3.0,1.0,,
还有,2.0,,,,1.0,,
还用说,,,,1.0,,,
还要,,,,2.0,,,
这,25.0,1.0,,25.0,3.0,1.0,
这一,15.0,,,,,,
这个,10.0,1.0,,10.0,1.0,1.0,
这么,1.0,,,1.0,,,2.0
这些,6.0,,,,,,1.0
这位,2.0,,,,,1.0,
这句,,,,1.0,,,
这场,2.0,,,,,,
这家,13.0,,,,,,
这座,1.0,,,,,,
这是,7.0,,,,2.0,,
这条,,,,,,1.0,
这栋,1.0,,,,,,
这样,9.0,,,9.0,,1.0,
这次,5.0,,,,,,
这款,2.0,,,,,,
这种,4.0,1.0,,,,1.0,
这笔,1.0,,,,,,
这类,1.0,,,,,,
这胸,,,,1.0,,,
这里,2.0,,,60.0,1.0,,
这项,2.0,,,,,,
进,,,1.0,4.0,,,
进一步,5.0,,4.0,,1.0,,
进入,3.0,,,1.0,,3.0,
进去,,,,2.0,,,
进展,1.0,,1.0,,,,
进来,,,,3.0,,,
进步,,,,,,1.0,
进水,,,,,,1.0,
进行,5.0,,6.0,,,,
远,,,,,,1.0,
远远,2.0,,,,,,
违规,,,,,1.0,,
违规行为,1.0,,,,,,
连,,,,,,1.0,
连接,,,,,2.0,,
连环,,1.0,,,,,
连续,1.0,,1.0,,,,
迪,1.0,,,,,,
迪尔玛,1.0,,,,,,
迪米,3.0,,,,,,
迫切需要,1.0,,,,,,
迷弟,,,,,1.0,,
迷航,,,,,1.0,,
迸发,,,2.0,,,,
迹象,1.0,,,,,,
追上,1.0,,,,,,
追踪,1.0,,,,,,
追问,1.0,,,,,,
追随者,1.0,,,,,,
退,2.0,,,,,,
退伍军人,2.0,,,,,,
退出,5.0,,,,,2.0,
退居二线,1.0,,,,,,
退市,2.0,,,,,,
退欧,17.0,,,,,,
退缩,,,,1.0,,,
送,,,,1.0,,,
送来,1.0,,,,,,
适合,1.0,,,,,,
适应,,,,,,1.0,
适用房,,,,3.0,,,
逃跑,,,1.0,,,,
选,1.0,,,,,,
选择,1.0,,,,,,1.0
选民,2.0,,,,,,
透明,,2.0,,,,,
透露,2.0,,,,,,
逐步,1.0,,,,,,
递,1.0,,,,,,
递给,1.0,,,,,,
途中,1.0,,,,,,
通州区,1.0,,,,,,
通常,1.0,,,,,,
通用电气,1.0,,,,,,
通讯,2.0,,,,,,
通讯社,,,2.0,,,,
通过,7.0,1.0,,,,5.0,
逛街,,,,3.0,,,
速度,,,,1.0,,,
造岛,2.0,,,,,,
造成,4.0,,8.0,,,,
逮捕,4.0,,3.0,,,,
逼,,,,3.0,,,
逾,2.0,1.0,4.0,,,,
遇上,,,,,,,1.0
遇害,3.0,,,,,,
遇袭,1.0,,1.0,,,,
遇见,,,,1.0,,,
遇难,1.0,,1.0,,,,
遇难者,,,1.0,,,,
遏制,1.0,,,,,,
道,2.0,,,,,,
道歉,1.0,,,,,,
遗产,2.0,,,,,,
遗忘,1.0,,,,,,
遛狗,,2.0,,,,,
遥远,1.0,,,,,,
遭,1.0,,,,,,
遭到,3.0,,,,,,
遭恐袭,,,1.0,,,,
遭捕,,1.0,,,,,
遭遇,2.0,,4.0,,,,
遵守,2.0,,,,,,
遵循,,1.0,,,,,
遵照,,,,,,1.0,
避,,1.0,,,,,
避险,1.0,,,,,,
邀请,1.0,2.0,,,,,
那,,,1.0,6.0,,1.0,
那个,,,,1.0,,,
那么,2.0,,,3.0,1.0,1.0,
那些,8.0,,,,,,
那时,1.0,,,,,,
那样,3.0,,,,,2.0,
那次,1.0,,,,,,
那里,2.0,,,,,,
邪教,,,,,,1.0,
邮区,1.0,,,,,,
邮政局,1.0,,,,,,
邰蒂,2.0,,,,,,
邹,,,1.0,,,,
邻国,3.0,,,,,,
邻近,,,2.0,,,,
郊区,,1.0,,,,,
郑,,,1.0,,,,
部分,,2.0,1.0,20.0,,1.0,
部长,1.0,,,,,,
部门,2.0,,1.0,,,1.0,
部队,,,1.0,,,,
郭美美,,,,,,4.0,
郭阳,,,1.0,,,,
都,9.0,3.0,,10.0,4.0,2.0,
都市,1.0,,,12.0,,,
配合,1.0,,1.0,,,,
酒店,1.0,,1.0,,,,
酝酿,1.0,,,,,,
酷哥,1.0,,,,,,
醉人,,,,3.0,,,
采取,2.0,,,,,,
采用,2.0,,,,,,
采购,1.0,,,,,,
释放,1.0,,,,,,
里,4.0,,1.0,5.0,,2.0,
里斯,,1.0,,,,,
里瓦斯,2.0,,,,,,
里程碑式,1.0,,,,,,
里约热内卢,1.0,,,,,,
里面,,,,2.0,,,
重任,,,,,,1.0,
重伤,,,1.0,,,,
重回,,1.0,,,,,
重塑,1.0,,,,,,
重大,3.0,1.0,,,,2.0,
重建,2.0,,,,,,
重振,1.0,,,,,,
重新,1.0,,,,,1.0,
重用,,,,,,1.0,
重申,2.0,,1.0,,,,
重获,1.0,,,,,,
重要,8.0,,4.0,,1.0,,
重视,,,,,1.0,,
野心,1.0,,,,,,
野田,,1.0,,,,,
野蛮,1.0,,,,,,
量,1.0,,,,,,
金奇,1.0,,,,,,
金宇,,,,1.0,,,
金属罐,,1.0,,,,,
金币,,3.0,,,,,
金本位制,1.0,,,,,,
金枪,1.0,,,,,,
金枪鱼,1.0,,,,,,
金融,,,,,1.0,,
金融体系,1.0,,,,,,
金融信息,2.0,,,,,,
金融危机,1.0,,,,,,
金融市场,4.0,,,,,,
金融时报,12.0,,,,,,
金融机构,1.0,,,,,,
金融界,1.0,,,,,,
鉴于,1.0,,,,,,
针对,5.0,,5.0,,,,
钓鱼台国宾馆,,,1.0,,,,
钜,2.0,,,,,,
钢材,2.0,,,,,,
钢铁,4.0,,,,,,
钱,,,,3.0,1.0,,
钱塞到,,,,1.0,,,
钾肥,10.0,,,,,,
铁,,,,,,1.0,
铃声,,,,191.0,,,
银行,,,,1.0,,,
银行业,2.0,,,,,,
银行家,3.0,,,,,,
银行贷款,1.0,,,,,,
铺平道路,1.0,,,,,,
链接,,,,,15.0,,
销售,5.0,1.0,,,,,
销售额,2.0,,,,,,
锅,,,,,1.0,,
错,,,,1.0,,,
错失,,,1.0,,,,
错过,,,,3.0,,,
错配,1.0,,,,,,
镇压,1.0,,,,,,
镜子,,,,,,1.0,
长叹,,,,1.0,,,
长期,4.0,,,,,,
长着,,1.0,,,,,
长篇小说,,,,,,,1.0
长达,1.0,1.0,,,,,
长远,1.0,,,,,,
闪电,,,,1.0,,,
闫曼为,1.0,,,,,,
问,2.0,,1.0,5.0,,,4.0
问卷,,1.0,,,,,
问题,13.0,3.0,7.0,,,5.0,
间,2.0,,,,,,
闷声,,,,,1.0,,
闹剧,,,1.0,,,,
闹钟,,,,1.0,,,
闺女,,,,3.0,,,
阅读,1.0,,,110.0,,,3.0
阐述,,,,,,1.0,
防晒,,,,3.0,,,
防止,,1.0,,,,,
防空,1.0,,,,,,
阵营,6.0,,,,,,
阶段,2.0,,,,,,
阻止,1.0,,,,,,
阿,,,2.0,,,,
阿图,2.0,,,,,,
阿塔图尔克,1.0,,,,,,
阿富汗,1.0,,,,,,
阿尔什,1.0,,,,,,
阿拉,2.0,,,,,,
阿拉木图,,,4.0,,,,
阿斯塔纳,,,1.0,,,,
阿根廷,,2.0,,,,,
阿格,1.0,,,,,,
阿瑟,2.0,,,,,,
阿纳多卢,,,2.0,,,,
阿里,,,,,1.0,,
附近,,,3.0,,,,
陆上,,,,,1.0,,
陆慷,,,3.0,,,,
陆慷说,,,1.0,,,,
陆续,,,1.0,,,,
陈晓东,,,3.0,,,,
降,1.0,,,,,,
降临,1.0,,,,,,
降价,1.0,,,,,1.0,
降低,2.0,,,,,,
降落,,,,,2.0,,
限制,2.0,,,,,,
院士,,,,,,1.0,
除了,,,,,1.0,,1.0
除此之外,1.0,,,,,,
陪,,,,3.0,,,
陷入,1.0,,,,,,
随同,1.0,,,,,,
随后,3.0,,,,,,
随手,,,,1.0,,,
随时,,,1.0,,,,
随着,2.0,,,,,,
隐形,,,,,2.0,,
隐性,1.0,,,,,,
隔岸观火,1.0,,,,,,
隔阂,1.0,,,,,,
障碍,1.0,,,,,,
难,1.0,,,,,,
难以,3.0,,,,,,
难免会,1.0,,,,,,
难度,1.0,,,,,,
难解难分,,,,1.0,,,
难题,1.0,,,,,,
雄为,1.0,,,,,,
集会,1.0,,,,,,
集体,,,,,,3.0,
集体行动,1.0,,,,,,
集团,9.0,,1.0,,,,
零,,2.0,,,,,
零售商,,,1.0,,,,
零售店,,,1.0,,,,
零星,1.0,,,,,,
零花钱,,,,2.0,,,
雷,1.0,,,,,,
雷军,2.0,,,,,,
雷州,,1.0,,,,,
雷杰普,4.0,,,,,,
雷达,1.0,,,,,,
雷都会,1.0,,,,,,
需,2.0,1.0,,,,1.0,
需求,4.0,,2.0,,,,
需要,6.0,,,,,,
霍林,1.0,,,,,,
青少年,,1.0,,,,,
静态,1.0,,,,,,
静物,,,,3.0,,,
非,2.0,,,,,,
非农,3.0,,,,,,
非常,3.0,1.0,,1.0,,,1.0
非法,,,2.0,,,,
非洲,,,1.0,,,,
非洲联盟,,,1.0,,,,
非理性,1.0,,,,,,
非盟,,,1.0,,,,
非裔,1.0,,,,,,
面,1.0,,,,,,
面临,2.0,,,,,,
面对,2.0,,,,1.0,,
面色,,,,1.0,,,
革命,,,,,1.0,,
革命性,,,,,1.0,,
革新,,,,,1.0,,
韦农,1.0,,,,,,
韩国,,1.0,,,,,
韩国公司,1.0,,,,,,
韩寒,,,,,,,1.0
韩碧如,5.0,,,,,,
音,,,,1.0,,,
音效,,,,3.0,,,
顶住,1.0,,,,,,
顶起,,,,,,1.0,
顶顶,,,,1.0,,,
项,1.0,,,,,,
项目,4.0,,,,,,
顺便,,,,,1.0,,
顺应,1.0,,,,,,
顽皮,,,,3.0,,,
顾客,1.0,2.0,,,,,
顾问,1.0,,2.0,,,,
预想,1.0,,,,,,
预料,1.0,,,,,,
预期,4.0,,,,,,
预测,1.0,,,,,,
预计,2.0,,,,1.0,,
领,1.0,,,,,,
领事,,,1.0,,,,
领先,1.0,,,,,,
领军者,1.0,,,,,,
领土,9.0,,,,,,
领土完整,,,1.0,,,,
领域,2.0,,3.0,,3.0,2.0,
领头,1.0,,,,,,
领导,4.0,,,1.0,,1.0,
领导人,4.0,,,,,3.0,
领导力,1.0,,,,,,
领导层,1.0,,,,,,
领空,1.0,,,,,,
领袖,2.0,,,,,,
领跑者,1.0,,,,,,
颇受欢迎,1.0,,,,,,
频发,1.0,,,,,,
频率,1.0,,,,,,
频繁,2.0,,,,,,
频频,,,,,,1.0,
频频点头,1.0,,,,,,
颠覆,1.0,,,,,,
风,,1.0,,,,,
风吹,,,,,,,1.0
风暴,,1.0,,,,,
风有,,,,3.0,,,
风格,2.0,,,,,,
风电,1.0,,,,,,
风电场,1.0,,,,,,
风险,2.0,,,,,,
风靡,1.0,,,,,,
飙升,1.0,,,,,,
飞,1.0,,,,,,
飞利浦,1.0,,,,,,
飞往,1.0,,,,,,
飞机,4.0,,,,,,
食品,1.0,,,,,,
食客,1.0,,,,,,
餐厅,5.0,2.0,,,,,
餐食,,1.0,,,,,
餐饮,,,,3.0,,,
馅饼,,1.0,,,,,
馋,,,,3.0,,,
首个,1.0,,,,,2.0,
首位,,2.0,,,,,
首例,2.0,,,,,,
首先,,,,,,,1.0
首尔,1.0,,,,,,
首席,3.0,,,,,,
首府,,,1.0,,,,
首次,3.0,,,,,,
首相,11.0,,,,,,
首脑会议,,,1.0,,,,
首选,1.0,,,,,,
首都,1.0,,2.0,,,,
首饰,4.0,,,,,,
香港,6.0,,,,,1.0,
香港特别行政区,,,,,,1.0,
香港特区,,,,,,1.0,
马丁,1.0,,,,,,
马克,1.0,,,,,,
马克思主义,1.0,,,,,,
马可波罗,1.0,,,,,,
马斯克,,,,,1.0,,
马来西亚,,,,,,3.0,
马桶,1.0,,,,,,
马苏,1.0,,,,,,
马虎,1.0,,,,,,
驻,,,4.0,,,,
驻土,,,1.0,,,,
驻足,1.0,,,,,,
驾驶,2.0,,,,,,
骂,,,,1.0,,,
验证,1.0,,,,,,
骑马,,,,2.0,,,
骚扰,,2.0,,,,,
高,2.0,,,1.0,,,
高于,2.0,,,,,,
高价,,1.0,,,,,
高位,,,,,,1.0,
高利贷,1.0,,,,,,
高官,1.0,,,,,,
高层论坛,1.0,,,,,1.0,
高峰,,,1.0,,,,
高峰期,,,1.0,,,1.0,
高度,2.0,,,3.0,,,
高度重视,,,1.0,,,,
高手,,,,1.0,,,
高科技,1.0,,,,,,
高端,,,2.0,,,,
高管们,1.0,,,,,,
高级,,,,,,1.0,
高级官员,,,1.0,,,,
高考,,,,,,4.0,
魅力,2.0,,,,,,
魏忠杰,,,1.0,,,,
鲁治,2.0,,,,,,
鲍勃,1.0,,,,,,
鲍里斯,4.0,,,,,,
鲜血,1.0,,,,,,
鳄,,1.0,,,,,
鸟,,,,3.0,,,
鸟瞰,1.0,,,,,,
鸟类,,1.0,,,,,
鸡蛋,,,,1.0,,,
鸦片战争,1.0,,,,,,
鸭梨,,,,3.0,,,
鸿沟,1.0,,,,,,
麦克,1.0,,,,,,
麦克尼利,1.0,,,,,,
麦克米伦,1.0,,,,,,
麦地那,1.0,,,,,,
麦当劳,5.0,,,,,,
麻木,1.0,,,,,,
麻烦,1.0,1.0,,,,,
黄岩岛,1.0,,,,,,
黄金,1.0,,,,,,
黄金价格,1.0,,,,,,
黎凡特,1.0,,,,,,
黎岩,1.0,,,,,,
黑人,3.0,,,,,,
黑匣子,,,,,,1.0,
黑天鹅,1.0,,,,,,
默哀,,,1.0,,,,
默许,,,,,,1.0,
黛安,2.0,,,,,,
齐聚,,,1.0,,,,
